meter_id,timestamp,meter_type,region,voltage_v,current_a,power_kw,energy_kwh,status
SM0001,2025-06-01 12:55,Industrial,Sousse,238.9,66.1,15.79,3.95,OK
SM0002,2025-06-02 03:24,Industrial,Jendouba,238.2,47.3,11.26,2.82,OK
SM0003,2025-06-01 22:57,Commercial,Sidi Bouzid,225.7,19.1,4.32,1.08,OK
SM0004,2025-06-01 21:45,Residential,Kasserine,221.9,11.8,2.63,0.66,OK
SM0005,2025-06-01 08:24,Industrial,Mahdia,237.7,90.3,21.46,5.37,OK
SM0006,2025-06-01 13:24,Commercial,Kasserine,227.3,15.7,3.58,0.89,OK
SM0007,2025-06-01 17:35,Industrial,Sfax,235.5,39.7,9.34,2.34,OK
SM0008,2025-06-01 13:21,Industrial,Zaghouan,234.0,95.7,22.4,5.6,OK
SM0009,2025-06-01 11:57,Commercial,Ariana,233.8,14.6,3.41,0.85,OK
SM0010,2025-06-01 14:31,Residential,Zaghouan,222.1,6.6,1.47,0.37,OK
SM0011,2025-06-01 19:00,Residential,Tunis,226.1,7.3,1.65,0.41,OK
SM0012,2025-06-01 18:02,Residential,Monastir,225.7,2.2,0.5,0.13,OK
SM0013,2025-06-01 12:32,Residential,Siliana,225.6,5.2,1.18,0.29,OK
SM0014,2025-06-01 23:20,Residential,Manouba,221.4,10.0,2.23,0.56,OK
SM0015,2025-06-02 01:21,Industrial,Beja,237.0,43.7,10.35,2.59,OK
SM0016,2025-06-01 19:00,Residential,Kef,227.6,7.4,1.68,0.42,OK
SM0017,2025-06-02 00:10,Residential,Medenine,227.5,8.3,1.88,0.47,OK
SM0018,2025-06-02 05:15,Industrial,Tozeur,232.2,60.9,14.13,3.53,OK
SM0019,2025-06-01 15:21,Commercial,Sfax,225.8,25.7,5.8,1.45,OK
SM0020,2025-06-01 14:02,Commercial,Jendouba,232.6,25.3,5.88,1.47,OK
SM0021,2025-06-01 14:57,Industrial,Sousse,234.3,39.5,9.24,2.31,OK
SM0022,2025-06-02 04:15,Industrial,Medenine,237.9,83.1,19.76,4.94,OK
SM0023,2025-06-02 07:04,Industrial,Medenine,236.2,95.5,22.55,5.64,OK
SM0024,2025-06-01 15:22,Residential,Gabes,222.3,3.9,0.86,0.22,OK
SM0025,2025-06-02 05:15,Residential,Tozeur,228.0,8.0,1.83,0.46,OK
SM0026,2025-06-01 20:17,Residential,Kebili,229.0,5.8,1.33,0.33,OK
SM0027,2025-06-02 00:56,Commercial,Mahdia,231.3,20.5,4.74,1.19,OK
SM0028,2025-06-01 18:19,Industrial,Tozeur,231.3,74.1,17.14,4.29,OK
SM0029,2025-06-01 21:58,Residential,Tunis,224.4,11.7,2.63,0.66,OK
SM0030,2025-06-02 06:15,Residential,Ben Arous,221.6,10.9,2.41,0.6,OK
SM0031,2025-06-01 18:04,Commercial,Tozeur,233.8,10.7,2.51,0.63,OK
SM0032,2025-06-01 14:31,Commercial,Zaghouan,229.5,23.5,5.4,1.35,OK
SM0033,2025-06-02 01:50,Industrial,Mahdia,234.5,86.4,20.25,5.06,OK
SM0034,2025-06-02 00:41,Industrial,Siliana,233.7,53.0,12.38,3.1,OK
SM0035,2025-06-01 11:34,Commercial,Bizerte,234.4,11.7,2.74,0.69,OK
SM0036,2025-06-01 14:31,Industrial,Gafsa,232.1,35.1,8.14,2.03,OK
SM0037,2025-06-02 06:51,Commercial,Sidi Bouzid,232.3,19.2,4.45,1.11,OK
SM0038,2025-06-01 09:42,Residential,Sousse,222.6,9.2,2.04,0.51,OK
SM0039,2025-06-02 02:46,Residential,Gafsa,226.8,3.1,0.7,0.18,OK
SM0040,2025-06-01 21:38,Commercial,Bizerte,225.7,12.6,2.85,0.71,OK
SM0041,2025-06-01 17:33,Commercial,Kef,228.8,17.3,3.96,0.99,OK
SM0042,2025-06-01 18:32,Commercial,Manouba,225.6,15.3,3.45,0.86,OK
SM0043,2025-06-01 15:50,Commercial,Kasserine,234.2,12.5,2.93,0.73,OK
SM0044,2025-06-02 03:38,Commercial,Ariana,225.9,14.3,3.23,0.81,OK
SM0045,2025-06-01 16:01,Residential,Tozeur,221.9,12.2,2.71,0.68,OK
SM0046,2025-06-02 06:38,Commercial,Tataouine,229.3,28.5,6.53,1.63,OK
SM0047,2025-06-01 19:54,Commercial,Kairouan,228.5,13.2,3.02,0.75,OK
SM0048,2025-06-01 09:18,Residential,Ariana,223.2,9.9,2.21,0.55,OK
SM0049,2025-06-01 13:52,Commercial,Sidi Bouzid,225.5,11.3,2.54,0.64,OK
SM0050,2025-06-01 09:00,Industrial,Mahdia,235.7,92.4,21.79,5.45,OK
SM0051,2025-06-02 03:24,Industrial,Manouba,238.8,35.9,8.58,2.14,OK
SM0052,2025-06-01 09:16,Commercial,Tataouine,230.0,14.8,3.4,0.85,OK
SM0053,2025-06-02 07:29,Residential,Kef,221.6,5.6,1.24,0.31,OK
SM0054,2025-06-01 10:30,Residential,Monastir,229.9,4.3,0.98,0.25,OK
SM0055,2025-06-01 08:53,Industrial,Jendouba,236.3,34.7,8.2,2.05,OK
SM0056,2025-06-01 08:14,Residential,Tataouine,228.8,9.4,2.16,0.54,OK
SM0057,2025-06-01 18:01,Commercial,Bizerte,232.1,30.0,6.96,1.74,OK
SM0058,2025-06-02 06:42,Residential,Mahdia,220.5,14.4,3.17,0.79,OK
SM0059,2025-06-01 20:35,Industrial,Jendouba,234.3,36.4,8.54,2.13,OK
SM0060,2025-06-01 13:57,Industrial,Siliana,236.3,67.5,15.96,3.99,OK
SM0061,2025-06-01 15:05,Commercial,Jendouba,234.2,20.9,4.88,1.22,OK
SM0062,2025-06-02 00:04,Commercial,Kasserine,234.6,20.4,4.79,1.2,OK
SM0063,2025-06-01 11:17,Residential,Tataouine,227.3,11.6,2.64,0.66,OK
SM0064,2025-06-01 23:22,Industrial,Kef,238.0,45.6,10.86,2.71,OK
SM0065,2025-06-01 21:04,Residential,Sousse,228.2,4.7,1.07,0.27,OK
SM0066,2025-06-02 07:13,Industrial,Gabes,231.9,31.2,7.23,1.81,OK
SM0067,2025-06-02 05:56,Industrial,Zaghouan,235.0,100.0,23.49,5.87,OK
SM0068,2025-06-02 05:27,Industrial,Tunis,235.9,32.7,7.71,1.93,OK
SM0069,2025-06-02 06:56,Residential,Sidi Bouzid,226.1,8.0,1.81,0.45,OK
SM0070,2025-06-02 06:45,Commercial,Kebili,231.2,12.3,2.84,0.71,OK
SM0071,2025-06-01 08:21,Residential,Monastir,221.0,7.1,1.56,0.39,OK
SM0072,2025-06-02 05:40,Residential,Tozeur,229.8,14.3,3.28,0.82,OK
SM0073,2025-06-01 15:34,Commercial,Siliana,230.6,20.2,4.67,1.17,OK
SM0074,2025-06-01 13:08,Commercial,Ben Arous,231.0,25.9,5.99,1.5,OK
SM0075,2025-06-02 06:50,Commercial,Manouba,231.4,16.7,3.87,0.97,OK
SM0076,2025-06-01 23:08,Commercial,Ariana,225.5,13.9,3.13,0.78,OK
SM0077,2025-06-01 22:35,Residential,Ariana,223.0,7.3,1.62,0.4,OK
SM0078,2025-06-01 13:11,Residential,Medenine,221.2,14.0,3.1,0.77,OK
SM0079,2025-06-01 23:46,Commercial,Sfax,229.0,10.3,2.35,0.59,OK
SM0080,2025-06-02 02:21,Commercial,Bizerte,227.8,15.1,3.44,0.86,OK
SM0081,2025-06-01 17:21,Industrial,Siliana,237.7,70.6,16.79,4.2,OK
SM0082,2025-06-01 19:17,Residential,Kairouan,220.1,10.3,2.27,0.57,OK
SM0083,2025-06-01 19:32,Commercial,Bizerte,225.3,23.6,5.32,1.33,OK
SM0084,2025-06-02 03:34,Commercial,Siliana,231.0,12.6,2.92,0.73,OK
SM0085,2025-06-02 03:43,Industrial,Gafsa,231.8,45.6,10.56,2.64,OK
SM0086,2025-06-01 09:13,Commercial,Ben Arous,229.5,21.6,4.95,1.24,OK
SM0087,2025-06-01 12:48,Commercial,Ariana,230.4,10.5,2.42,0.61,OK
SM0088,2025-06-01 11:58,Residential,Ariana,225.0,13.1,2.95,0.74,OK
SM0089,2025-06-01 09:32,Residential,Ben Arous,227.0,12.1,2.74,0.69,OK
SM0090,2025-06-02 01:53,Residential,Kebili,226.5,5.5,1.25,0.31,OK
SM0091,2025-06-01 21:28,Residential,Tozeur,228.6,9.1,2.09,0.52,OK
SM0092,2025-06-01 19:43,Residential,Mahdia,222.5,9.6,2.13,0.53,OK
SM0093,2025-06-01 09:00,Residential,Medenine,223.8,11.5,2.56,0.64,OK
SM0094,2025-06-01 21:05,Residential,Beja,229.7,15.0,3.44,0.86,OK
SM0095,2025-06-01 14:57,Industrial,Bizerte,234.1,44.2,10.34,2.59,OK
SM0096,2025-06-01 16:02,Residential,Jendouba,225.6,6.8,1.53,0.38,OK
SM0097,2025-06-01 20:32,Residential,Manouba,224.3,8.9,1.99,0.5,OK
SM0098,2025-06-01 20:35,Commercial,Kasserine,226.1,27.0,6.1,1.53,OK
SM0099,2025-06-02 00:46,Industrial,Mahdia,234.2,85.4,20.0,5.0,OK
SM0100,2025-06-01 21:39,Commercial,Kairouan,228.1,12.9,2.94,0.74,OK
SM0101,2025-06-02 04:36,Residential,Tunis,221.4,14.4,3.18,0.8,OK
SM0102,2025-06-01 09:31,Residential,Kebili,222.1,8.7,1.94,0.48,OK
SM0103,2025-06-01 18:49,Industrial,Manouba,237.6,68.6,16.29,4.07,OK
SM0104,2025-06-01 12:53,Commercial,Siliana,226.3,18.8,4.25,1.06,OK
SM0105,2025-06-02 05:21,Industrial,Gafsa,235.5,90.9,21.42,5.36,OK
SM0106,2025-06-01 09:25,Commercial,Zaghouan,231.9,10.7,2.49,0.62,OK
SM0107,2025-06-01 18:49,Commercial,Monastir,231.7,12.6,2.92,0.73,OK
SM0108,2025-06-02 06:34,Commercial,Tataouine,225.2,21.2,4.78,1.2,OK
SM0109,2025-06-01 20:29,Industrial,Monastir,234.8,34.5,8.1,2.03,OK
SM0110,2025-06-01 08:31,Residential,Manouba,224.9,6.7,1.5,0.37,OK
SM0111,2025-06-01 20:55,Industrial,Kef,235.1,71.9,16.91,4.23,OK
SM0112,2025-06-02 01:31,Commercial,Ben Arous,229.2,15.8,3.63,0.91,OK
SM0113,2025-06-02 00:13,Residential,Tozeur,229.4,2.2,0.51,0.13,OK
SM0114,2025-06-01 21:06,Industrial,Bizerte,237.6,42.3,10.04,2.51,OK
SM0115,2025-06-02 02:32,Residential,Sfax,224.8,13.7,3.08,0.77,OK
SM0116,2025-06-01 19:30,Residential,Monastir,229.7,12.5,2.87,0.72,OK
SM0117,2025-06-02 03:34,Industrial,Medenine,237.1,42.8,10.15,2.54,OK
SM0118,2025-06-02 01:14,Industrial,Tunis,231.0,52.7,12.17,3.04,OK
SM0119,2025-06-01 10:18,Residential,Monastir,224.1,14.3,3.21,0.8,OK
SM0120,2025-06-02 03:35,Industrial,Manouba,233.1,71.5,16.66,4.17,OK
SM0121,2025-06-01 22:06,Commercial,Medenine,229.9,19.1,4.38,1.1,OK
SM0122,2025-06-02 06:57,Industrial,Kef,232.5,79.0,18.36,4.59,OK
SM0123,2025-06-01 10:50,Industrial,Kef,238.3,97.0,23.11,5.78,OK
SM0124,2025-06-01 09:39,Commercial,Kasserine,228.2,11.7,2.66,0.66,OK
SM0125,2025-06-02 07:57,Industrial,Gabes,238.3,87.6,20.88,5.22,OK
SM0126,2025-06-01 12:21,Commercial,Sousse,227.0,17.5,3.97,0.99,OK
SM0127,2025-06-02 07:47,Industrial,Medenine,235.5,61.9,14.57,3.64,OK
SM0128,2025-06-01 13:30,Commercial,Tunis,227.7,24.6,5.59,1.4,OK
SM0129,2025-06-01 14:15,Industrial,Jendouba,235.0,99.8,23.46,5.86,OK
SM0130,2025-06-01 16:57,Industrial,Zaghouan,239.3,58.8,14.07,3.52,OK
SM0131,2025-06-02 06:40,Residential,Ben Arous,226.6,7.9,1.8,0.45,OK
SM0132,2025-06-01 22:31,Residential,Sidi Bouzid,221.0,14.5,3.2,0.8,OK
SM0133,2025-06-01 15:00,Residential,Nabeul,220.2,10.0,2.2,0.55,OK
SM0134,2025-06-02 00:29,Industrial,Tozeur,231.5,98.5,22.8,5.7,OK
SM0135,2025-06-01 12:07,Industrial,Ariana,235.5,99.3,23.39,5.85,OK
SM0136,2025-06-01 22:59,Residential,Jendouba,222.9,8.3,1.85,0.46,OK
SM0137,2025-06-02 05:30,Commercial,Zaghouan,226.3,27.4,6.19,1.55,OK
SM0138,2025-06-01 17:19,Commercial,Tunis,231.0,18.1,4.18,1.04,OK
SM0139,2025-06-02 03:53,Residential,Tunis,223.1,10.1,2.25,0.56,OK
SM0140,2025-06-01 13:23,Residential,Siliana,226.5,10.3,2.33,0.58,OK
SM0141,2025-06-02 00:41,Residential,Ariana,224.2,11.4,2.56,0.64,OK
SM0142,2025-06-01 22:36,Residential,Sfax,224.0,7.3,1.64,0.41,OK
SM0143,2025-06-02 03:01,Commercial,Sfax,226.1,17.1,3.87,0.97,OK
SM0144,2025-06-01 11:51,Residential,Ariana,223.5,14.2,3.18,0.8,OK
SM0145,2025-06-02 07:55,Residential,Kairouan,228.7,12.0,2.75,0.69,OK
SM0146,2025-06-02 00:40,Residential,Gabes,221.4,12.9,2.87,0.72,OK
SM0147,2025-06-01 12:36,Residential,Mahdia,223.2,3.1,0.69,0.17,OK
SM0148,2025-06-01 13:37,Industrial,Tozeur,237.0,93.9,22.25,5.56,OK
SM0149,2025-06-01 12:49,Commercial,Tozeur,231.1,16.7,3.86,0.96,OK
SM0150,2025-06-01 16:33,Industrial,Kairouan,238.4,75.9,18.09,4.52,OK
SM0151,2025-06-02 03:21,Industrial,Sidi Bouzid,230.1,83.7,19.26,4.82,OK
SM0152,2025-06-01 09:47,Residential,Ariana,221.9,14.2,3.15,0.79,OK
SM0153,2025-06-01 15:08,Residential,Ben Arous,223.2,14.7,3.28,0.82,OK
SM0154,2025-06-02 06:40,Commercial,Siliana,231.9,11.3,2.62,0.66,OK
SM0155,2025-06-01 14:49,Commercial,Ariana,229.5,11.3,2.59,0.65,OK
SM0156,2025-06-01 11:40,Residential,Siliana,228.3,10.8,2.47,0.62,OK
SM0157,2025-06-01 10:18,Commercial,Kairouan,231.0,17.7,4.09,1.02,OK
SM0158,2025-06-01 22:09,Commercial,Kef,225.8,12.7,2.86,0.72,OK
SM0159,2025-06-02 03:10,Commercial,Siliana,230.4,28.7,6.61,1.65,OK
SM0160,2025-06-02 05:55,Commercial,Kasserine,225.7,18.7,4.23,1.06,OK
SM0161,2025-06-02 01:06,Industrial,Tozeur,239.9,73.1,17.54,4.39,OK
SM0162,2025-06-02 03:16,Commercial,Ariana,225.1,29.0,6.52,1.63,OK
SM0163,2025-06-01 23:08,Residential,Bizerte,228.3,2.1,0.48,0.12,OK
SM0164,2025-06-01 17:59,Residential,Tozeur,221.1,14.1,3.13,0.78,OK
SM0165,2025-06-02 01:33,Industrial,Nabeul,235.1,53.5,12.59,3.15,OK
SM0166,2025-06-01 14:42,Residential,Gafsa,222.1,9.1,2.03,0.51,OK
SM0167,2025-06-02 03:08,Industrial,Kairouan,231.6,58.7,13.58,3.4,OK
SM0168,2025-06-01 18:06,Industrial,Jendouba,230.2,61.8,14.22,3.56,OK
SM0169,2025-06-01 15:59,Residential,Siliana,224.0,13.0,2.91,0.73,OK
SM0170,2025-06-01 08:43,Residential,Sidi Bouzid,229.4,8.6,1.98,0.5,OK
SM0171,2025-06-02 05:39,Residential,Manouba,226.6,7.6,1.71,0.43,OK
SM0172,2025-06-01 14:58,Commercial,Kef,232.6,22.8,5.29,1.32,OK
SM0173,2025-06-02 07:32,Residential,Kebili,229.6,3.7,0.85,0.21,OK
SM0174,2025-06-01 13:35,Commercial,Tozeur,228.8,21.2,4.85,1.21,OK
SM0175,2025-06-02 06:26,Residential,Kef,221.4,8.3,1.83,0.46,OK
SM0176,2025-06-01 19:24,Residential,Beja,223.2,10.0,2.24,0.56,OK
SM0177,2025-06-01 21:18,Industrial,Mahdia,239.0,54.9,13.11,3.28,OK
SM0178,2025-06-01 22:31,Industrial,Manouba,231.4,73.5,17.0,4.25,OK
SM0179,2025-06-01 22:50,Industrial,Sfax,237.1,99.0,23.47,5.87,OK
SM0180,2025-06-02 06:31,Residential,Ben Arous,227.5,10.2,2.32,0.58,OK
SM0181,2025-06-01 10:38,Commercial,Sousse,234.0,23.7,5.55,1.39,OK
SM0182,2025-06-01 23:20,Residential,Mahdia,227.6,9.9,2.24,0.56,OK
SM0183,2025-06-01 23:34,Industrial,Mahdia,231.0,62.0,14.31,3.58,OK
SM0184,2025-06-02 03:46,Commercial,Tataouine,229.1,22.3,5.11,1.28,OK
SM0185,2025-06-02 05:56,Commercial,Kef,226.1,13.2,2.98,0.74,OK
SM0186,2025-06-01 11:59,Residential,Ariana,226.9,4.3,0.98,0.25,OK
SM0187,2025-06-01 09:40,Commercial,Nabeul,233.6,16.9,3.94,0.99,OK
SM0188,2025-06-01 08:06,Industrial,Sousse,239.0,83.8,20.03,5.01,OK
SM0189,2025-06-01 17:27,Industrial,Mahdia,238.7,82.4,19.66,4.91,OK
SM0190,2025-06-01 17:10,Industrial,Monastir,230.9,54.3,12.54,3.14,OK
SM0191,2025-06-01 22:23,Industrial,Monastir,231.5,33.1,7.66,1.92,OK
SM0192,2025-06-02 01:51,Commercial,Manouba,233.0,15.9,3.69,0.92,OK
SM0193,2025-06-01 18:37,Commercial,Kasserine,229.0,19.8,4.53,1.13,OK
SM0194,2025-06-01 14:37,Commercial,Sfax,232.3,29.0,6.74,1.68,OK
SM0195,2025-06-02 01:37,Industrial,Mahdia,234.3,99.2,23.25,5.81,OK
SM0196,2025-06-01 10:51,Industrial,Mahdia,231.6,33.5,7.76,1.94,OK
SM0197,2025-06-01 08:26,Commercial,Medenine,234.8,27.6,6.47,1.62,OK
SM0198,2025-06-02 00:12,Commercial,Kebili,233.5,11.1,2.6,0.65,OK
SM0199,2025-06-01 13:28,Residential,Zaghouan,229.9,2.0,0.47,0.12,OK
SM0200,2025-06-02 01:02,Commercial,Tunis,226.4,18.1,4.11,1.03,OK
SM0201,2025-06-01 21:22,Commercial,Gabes,228.2,18.0,4.11,1.03,OK
SM0202,2025-06-01 17:42,Commercial,Ariana,225.3,15.2,3.43,0.86,OK
SM0203,2025-06-01 18:45,Residential,Gafsa,226.0,8.6,1.94,0.48,OK
SM0204,2025-06-01 14:48,Residential,Sousse,223.8,7.9,1.77,0.44,OK
SM0205,2025-06-02 01:12,Commercial,Mahdia,230.7,29.0,6.69,1.67,OK
SM0206,2025-06-02 04:36,Industrial,Sidi Bouzid,232.3,55.6,12.91,3.23,OK
SM0207,2025-06-02 00:44,Industrial,Medenine,232.8,75.5,17.57,4.39,OK
SM0208,2025-06-01 17:12,Industrial,Beja,240.0,97.9,23.49,5.87,OK
SM0209,2025-06-01 09:06,Industrial,Ben Arous,230.6,97.6,22.51,5.63,OK
SM0210,2025-06-01 20:42,Residential,Kairouan,223.1,4.4,0.98,0.24,OK
SM0211,2025-06-02 00:56,Commercial,Ben Arous,227.5,21.3,4.85,1.21,OK
SM0212,2025-06-01 19:09,Industrial,Tozeur,235.6,52.5,12.37,3.09,OK
SM0213,2025-06-01 14:25,Commercial,Ben Arous,229.1,16.1,3.68,0.92,OK
SM0214,2025-06-02 03:55,Residential,Gabes,225.9,7.1,1.61,0.4,OK
SM0215,2025-06-01 18:33,Industrial,Beja,237.5,34.6,8.21,2.05,OK
SM0216,2025-06-01 10:43,Commercial,Zaghouan,227.1,18.1,4.11,1.03,OK
SM0217,2025-06-01 20:10,Residential,Monastir,228.0,14.7,3.34,0.84,OK
SM0218,2025-06-02 00:09,Commercial,Kasserine,226.5,13.7,3.11,0.78,OK
SM0219,2025-06-01 14:22,Commercial,Jendouba,226.9,17.3,3.93,0.98,OK
SM0220,2025-06-02 02:32,Industrial,Kef,239.0,47.7,11.39,2.85,OK
SM0221,2025-06-01 08:59,Industrial,Beja,239.0,61.9,14.8,3.7,OK
SM0222,2025-06-01 22:40,Residential,Kebili,225.2,12.8,2.87,0.72,OK
SM0223,2025-06-01 17:46,Commercial,Sousse,232.1,25.7,5.97,1.49,OK
SM0224,2025-06-01 12:56,Industrial,Manouba,233.2,87.5,20.41,5.1,OK
SM0225,2025-06-02 00:15,Commercial,Zaghouan,227.1,27.3,6.2,1.55,OK
SM0226,2025-06-01 23:23,Industrial,Beja,230.9,97.7,22.55,5.64,OK
SM0227,2025-06-01 16:48,Industrial,Nabeul,236.0,39.5,9.31,2.33,OK
SM0228,2025-06-01 19:05,Residential,Beja,228.8,14.1,3.23,0.81,OK
SM0229,2025-06-02 01:08,Residential,Medenine,229.0,4.2,0.95,0.24,OK
SM0230,2025-06-01 10:09,Residential,Nabeul,229.1,11.6,2.66,0.67,OK
SM0231,2025-06-01 11:22,Commercial,Beja,232.5,23.0,5.34,1.33,OK
SM0232,2025-06-01 11:41,Commercial,Kebili,234.3,25.7,6.03,1.51,OK
SM0233,2025-06-01 17:47,Residential,Siliana,224.1,8.6,1.93,0.48,OK
SM0234,2025-06-02 02:03,Industrial,Nabeul,236.8,55.8,13.2,3.3,OK
SM0235,2025-06-01 10:27,Residential,Gafsa,221.9,5.4,1.21,0.3,OK
SM0236,2025-06-02 02:47,Commercial,Medenine,232.0,18.7,4.34,1.09,OK
SM0237,2025-06-02 00:19,Commercial,Manouba,229.4,18.2,4.18,1.04,OK
SM0238,2025-06-01 23:19,Industrial,Bizerte,230.0,37.4,8.6,2.15,OK
SM0239,2025-06-01 10:59,Commercial,Nabeul,234.9,28.3,6.66,1.66,OK
SM0240,2025-06-01 13:04,Commercial,Tunis,228.0,20.6,4.7,1.18,OK
SM0241,2025-06-01 15:03,Commercial,Zaghouan,230.0,26.8,6.16,1.54,OK
SM0242,2025-06-02 02:23,Commercial,Gafsa,232.8,29.8,6.94,1.74,OK
SM0243,2025-06-01 11:03,Industrial,Ariana,235.8,84.5,19.93,4.98,OK
SM0244,2025-06-02 04:13,Industrial,Gafsa,234.3,37.9,8.89,2.22,OK
SM0245,2025-06-01 13:37,Residential,Kebili,221.2,12.3,2.73,0.68,OK
SM0246,2025-06-01 23:44,Commercial,Kairouan,232.1,11.2,2.61,0.65,OK
SM0247,2025-06-01 14:43,Commercial,Manouba,234.1,26.1,6.1,1.52,OK
SM0248,2025-06-02 02:16,Residential,Tunis,228.0,10.1,2.3,0.57,OK
SM0249,2025-06-02 05:31,Commercial,Mahdia,226.8,13.0,2.94,0.74,OK
SM0250,2025-06-01 11:07,Industrial,Sfax,235.8,67.2,15.85,3.96,OK
SM0251,2025-06-01 16:18,Residential,Gafsa,227.5,14.3,3.26,0.82,OK
SM0252,2025-06-01 22:32,Residential,Ariana,223.8,3.9,0.88,0.22,OK
SM0253,2025-06-01 13:58,Commercial,Sousse,233.2,25.2,5.89,1.47,OK
SM0254,2025-06-02 01:36,Industrial,Jendouba,237.8,53.6,12.74,3.19,OK
SM0255,2025-06-02 01:25,Commercial,Tunis,234.3,15.6,3.66,0.92,OK
SM0256,2025-06-01 08:15,Commercial,Kasserine,229.9,14.7,3.37,0.84,OK
SM0257,2025-06-01 23:46,Residential,Tozeur,226.8,14.6,3.31,0.83,OK
SM0258,2025-06-01 14:35,Commercial,Tunis,234.4,17.2,4.03,1.01,OK
SM0259,2025-06-01 22:02,Industrial,Beja,234.0,74.7,17.49,4.37,OK
SM0260,2025-06-02 01:27,Industrial,Kef,237.8,45.8,10.89,2.72,OK
SM0261,2025-06-01 16:27,Commercial,Tozeur,231.2,20.2,4.66,1.17,OK
SM0262,2025-06-01 15:56,Residential,Ben Arous,224.5,12.1,2.72,0.68,OK
SM0263,2025-06-02 01:23,Industrial,Kebili,231.3,83.8,19.38,4.85,OK
SM0264,2025-06-02 02:06,Commercial,Zaghouan,225.4,23.6,5.31,1.33,OK
SM0265,2025-06-02 01:17,Industrial,Bizerte,232.0,89.3,20.72,5.18,OK
SM0266,2025-06-02 03:10,Industrial,Beja,233.9,90.9,21.25,5.31,OK
SM0267,2025-06-01 11:45,Residential,Ben Arous,229.8,3.5,0.8,0.2,OK
SM0268,2025-06-01 09:24,Industrial,Nabeul,235.1,69.3,16.29,4.07,OK
SM0269,2025-06-01 17:48,Industrial,Siliana,238.1,74.4,17.7,4.43,OK
SM0270,2025-06-01 23:42,Commercial,Ariana,227.8,19.6,4.47,1.12,OK
SM0271,2025-06-02 05:44,Commercial,Nabeul,232.6,25.4,5.91,1.48,OK
SM0272,2025-06-02 00:07,Industrial,Tozeur,239.0,82.6,19.75,4.94,OK
SM0273,2025-06-01 14:54,Residential,Gabes,226.0,10.6,2.39,0.6,OK
SM0274,2025-06-01 11:10,Commercial,Jendouba,231.7,13.4,3.1,0.78,OK
SM0275,2025-06-01 14:03,Residential,Tozeur,221.4,11.3,2.49,0.62,OK
SM0276,2025-06-02 06:37,Residential,Gabes,224.6,2.2,0.5,0.12,OK
SM0277,2025-06-01 08:13,Residential,Ariana,221.8,9.8,2.18,0.55,OK
SM0278,2025-06-01 18:15,Commercial,Bizerte,233.2,15.6,3.64,0.91,OK
SM0279,2025-06-01 21:49,Industrial,Tozeur,238.3,57.7,13.74,3.43,OK
SM0280,2025-06-01 19:14,Residential,Jendouba,226.3,7.5,1.71,0.43,OK
SM0281,2025-06-02 03:02,Residential,Medenine,220.7,7.2,1.59,0.4,OK
SM0282,2025-06-01 20:44,Commercial,Bizerte,232.2,26.7,6.2,1.55,OK
SM0283,2025-06-01 19:14,Commercial,Medenine,228.6,23.8,5.44,1.36,OK
SM0284,2025-06-01 23:46,Industrial,Zaghouan,231.2,83.4,19.28,4.82,OK
SM0285,2025-06-01 17:12,Commercial,Tataouine,226.8,29.8,6.77,1.69,OK
SM0286,2025-06-01 17:54,Residential,Jendouba,225.8,4.5,1.02,0.25,OK
SM0287,2025-06-01 13:25,Industrial,Beja,236.3,76.0,17.95,4.49,OK
SM0288,2025-06-01 19:15,Residential,Beja,223.8,7.1,1.6,0.4,OK
SM0289,2025-06-02 06:41,Commercial,Bizerte,229.1,19.0,4.34,1.09,OK
SM0290,2025-06-01 17:40,Residential,Manouba,224.7,10.2,2.3,0.57,OK
SM0291,2025-06-02 03:31,Residential,Kairouan,228.4,7.9,1.81,0.45,OK
SM0292,2025-06-02 07:16,Industrial,Sfax,233.0,64.3,14.99,3.75,OK
SM0293,2025-06-02 05:11,Commercial,Tozeur,231.0,27.8,6.41,1.6,OK
SM0294,2025-06-01 14:08,Residential,Kairouan,229.0,5.6,1.28,0.32,OK
SM0295,2025-06-01 09:02,Commercial,Mahdia,232.2,28.0,6.51,1.63,OK
SM0296,2025-06-01 11:13,Industrial,Kairouan,233.6,59.5,13.9,3.47,OK
SM0297,2025-06-02 07:41,Commercial,Gafsa,234.7,29.8,6.99,1.75,OK
SM0298,2025-06-01 12:07,Commercial,Ben Arous,231.5,22.9,5.3,1.32,OK
SM0299,2025-06-01 17:10,Commercial,Beja,232.2,28.0,6.51,1.63,OK
SM0300,2025-06-01 19:18,Industrial,Medenine,236.3,78.0,18.43,4.61,OK
SM0301,2025-06-02 04:02,Commercial,Kasserine,228.2,17.3,3.95,0.99,OK
SM0302,2025-06-01 16:46,Commercial,Sidi Bouzid,225.3,18.3,4.11,1.03,OK
SM0303,2025-06-02 07:29,Industrial,Gabes,230.2,36.6,8.43,2.11,OK
SM0304,2025-06-02 06:08,Commercial,Siliana,232.0,13.1,3.03,0.76,OK
SM0305,2025-06-02 07:13,Residential,Siliana,220.6,7.6,1.67,0.42,OK
SM0306,2025-06-01 21:07,Residential,Sousse,222.0,10.7,2.37,0.59,OK
SM0307,2025-06-02 03:17,Residential,Sousse,227.0,8.3,1.87,0.47,OK
SM0308,2025-06-01 17:18,Industrial,Sidi Bouzid,233.5,57.4,13.4,3.35,OK
SM0309,2025-06-01 14:23,Industrial,Kebili,237.1,42.2,9.99,2.5,OK
SM0310,2025-06-02 07:00,Residential,Nabeul,229.1,13.5,3.09,0.77,OK
SM0311,2025-06-02 06:00,Industrial,Ariana,239.1,96.9,23.17,5.79,OK
SM0312,2025-06-01 18:24,Industrial,Tunis,230.8,57.5,13.27,3.32,OK
SM0313,2025-06-02 00:38,Industrial,Gafsa,239.7,84.2,20.19,5.05,OK
SM0314,2025-06-01 12:26,Commercial,Tataouine,229.9,20.2,4.64,1.16,OK
SM0315,2025-06-02 07:42,Commercial,Medenine,230.5,12.6,2.91,0.73,OK
SM0316,2025-06-02 07:02,Commercial,Siliana,235.0,15.2,3.57,0.89,OK
SM0317,2025-06-02 01:04,Commercial,Tataouine,231.4,22.7,5.25,1.31,OK
SM0318,2025-06-01 18:26,Industrial,Nabeul,234.2,62.6,14.67,3.67,OK
SM0319,2025-06-01 17:47,Industrial,Ariana,237.4,87.6,20.8,5.2,OK
SM0320,2025-06-02 05:47,Commercial,Tozeur,232.6,29.7,6.92,1.73,OK
SM0321,2025-06-01 10:20,Industrial,Gabes,238.9,42.4,10.13,2.53,OK
SM0322,2025-06-01 10:02,Residential,Nabeul,228.3,13.0,2.97,0.74,OK
SM0323,2025-06-01 16:15,Industrial,Jendouba,236.0,67.2,15.86,3.97,OK
SM0324,2025-06-01 22:52,Industrial,Kebili,237.4,35.1,8.34,2.08,OK
SM0325,2025-06-02 05:11,Industrial,Medenine,237.1,70.4,16.69,4.17,OK
SM0326,2025-06-02 07:27,Industrial,Tunis,239.8,52.8,12.67,3.17,OK
SM0327,2025-06-01 11:14,Industrial,Jendouba,237.2,96.5,22.89,5.72,OK
SM0328,2025-06-02 04:08,Residential,Gafsa,222.1,9.2,2.05,0.51,OK
SM0329,2025-06-01 18:32,Residential,Sousse,228.7,4.1,0.95,0.24,OK
SM0330,2025-06-01 16:42,Industrial,Ben Arous,231.3,66.8,15.46,3.87,OK
SM0331,2025-06-01 14:20,Commercial,Beja,234.9,18.3,4.31,1.08,OK
SM0332,2025-06-01 18:36,Commercial,Sousse,227.1,12.2,2.76,0.69,OK
SM0333,2025-06-02 01:21,Commercial,Kef,227.6,29.8,6.79,1.7,OK
SM0334,2025-06-02 00:53,Residential,Sfax,229.1,14.3,3.27,0.82,OK
SM0335,2025-06-01 22:03,Industrial,Tunis,234.0,31.5,7.36,1.84,OK
SM0336,2025-06-01 23:21,Commercial,Sousse,231.4,11.1,2.56,0.64,OK
SM0337,2025-06-02 01:36,Commercial,Medenine,233.2,29.6,6.9,1.72,OK
SM0338,2025-06-01 16:50,Industrial,Beja,238.5,54.9,13.1,3.27,OK
SM0339,2025-06-01 18:26,Commercial,Gafsa,232.0,25.8,5.99,1.5,OK
SM0340,2025-06-02 00:03,Commercial,Bizerte,230.0,13.1,3.01,0.75,OK
SM0341,2025-06-01 23:57,Commercial,Beja,232.0,28.7,6.66,1.67,OK
SM0342,2025-06-02 04:20,Industrial,Tunis,230.4,86.8,20.01,5.0,OK
SM0343,2025-06-01 18:40,Industrial,Siliana,233.3,40.1,9.34,2.34,OK
SM0344,2025-06-01 23:44,Industrial,Zaghouan,237.5,89.9,21.34,5.34,OK
SM0345,2025-06-01 14:51,Residential,Kebili,223.4,14.7,3.29,0.82,OK
SM0346,2025-06-01 08:20,Commercial,Kairouan,232.4,28.4,6.6,1.65,OK
SM0347,2025-06-01 09:22,Commercial,Sousse,228.5,10.2,2.33,0.58,OK
SM0348,2025-06-01 20:17,Industrial,Beja,234.6,35.5,8.32,2.08,OK
SM0349,2025-06-01 09:02,Commercial,Mahdia,225.6,13.8,3.11,0.78,OK
SM0350,2025-06-01 10:18,Industrial,Bizerte,233.5,49.8,11.63,2.91,OK
SM0351,2025-06-01 18:10,Residential,Manouba,224.7,13.3,2.98,0.75,OK
SM0352,2025-06-01 19:36,Residential,Medenine,220.6,5.9,1.3,0.32,OK
SM0353,2025-06-01 22:37,Residential,Kef,228.3,3.1,0.71,0.18,OK
SM0354,2025-06-02 02:19,Commercial,Medenine,234.4,28.0,6.55,1.64,OK
SM0355,2025-06-01 14:19,Commercial,Sousse,225.7,28.7,6.47,1.62,OK
SM0356,2025-06-01 08:22,Residential,Ariana,220.4,12.0,2.64,0.66,OK
SM0357,2025-06-01 18:46,Industrial,Nabeul,231.3,68.2,15.77,3.94,OK
SM0358,2025-06-01 21:03,Commercial,Tunis,234.4,11.6,2.72,0.68,OK
SM0359,2025-06-01 10:54,Commercial,Siliana,226.9,10.0,2.28,0.57,OK
SM0360,2025-06-02 00:37,Industrial,Medenine,233.3,30.1,7.03,1.76,OK
SM0361,2025-06-02 01:00,Commercial,Kasserine,232.8,24.0,5.58,1.4,OK
SM0362,2025-06-01 13:51,Residential,Gabes,229.2,7.4,1.7,0.43,OK
SM0363,2025-06-01 08:08,Industrial,Sousse,238.0,90.0,21.41,5.35,OK
SM0364,2025-06-01 08:00,Commercial,Zaghouan,229.6,28.9,6.64,1.66,OK
SM0365,2025-06-01 12:31,Commercial,Mahdia,234.7,12.1,2.85,0.71,OK
SM0366,2025-06-01 11:14,Industrial,Monastir,231.1,93.7,21.66,5.42,OK
SM0367,2025-06-01 20:44,Industrial,Kasserine,234.6,98.2,23.04,5.76,OK
SM0368,2025-06-01 15:55,Commercial,Tozeur,228.6,17.1,3.91,0.98,OK
SM0369,2025-06-01 08:40,Industrial,Siliana,232.1,89.8,20.84,5.21,OK
SM0370,2025-06-01 20:37,Residential,Medenine,221.2,6.7,1.49,0.37,OK
SM0371,2025-06-02 02:59,Commercial,Tozeur,231.6,14.9,3.46,0.86,OK
SM0372,2025-06-01 19:48,Industrial,Kasserine,236.5,75.0,17.74,4.43,OK
SM0373,2025-06-01 21:34,Residential,Bizerte,228.4,8.1,1.85,0.46,OK
SM0374,2025-06-01 14:15,Residential,Bizerte,225.5,8.4,1.9,0.47,OK
SM0375,2025-06-01 20:12,Industrial,Monastir,237.2,70.3,16.68,4.17,OK
SM0376,2025-06-01 23:50,Residential,Siliana,222.0,13.2,2.92,0.73,OK
SM0377,2025-06-01 10:29,Industrial,Bizerte,238.9,93.0,22.21,5.55,OK
SM0378,2025-06-02 06:20,Commercial,Mahdia,234.6,19.9,4.66,1.17,OK
SM0379,2025-06-02 06:23,Residential,Kasserine,223.9,2.6,0.58,0.14,OK
SM0380,2025-06-02 00:37,Industrial,Zaghouan,236.8,98.2,23.26,5.82,OK
SM0381,2025-06-01 19:57,Industrial,Nabeul,235.8,88.9,20.97,5.24,OK
SM0382,2025-06-01 15:42,Industrial,Ben Arous,231.6,77.8,18.01,4.5,OK
SM0383,2025-06-02 04:11,Industrial,Kef,238.6,39.9,9.53,2.38,OK
SM0384,2025-06-02 06:40,Residential,Sfax,227.8,7.3,1.66,0.41,OK
SM0385,2025-06-01 12:40,Industrial,Tozeur,232.8,42.3,9.84,2.46,OK
SM0386,2025-06-02 05:12,Industrial,Tozeur,233.3,69.4,16.18,4.05,OK
SM0387,2025-06-01 14:41,Residential,Ben Arous,220.3,4.9,1.08,0.27,OK
SM0388,2025-06-01 17:25,Residential,Tataouine,227.0,5.6,1.28,0.32,OK
SM0389,2025-06-01 16:23,Residential,Siliana,228.4,6.2,1.41,0.35,OK
SM0390,2025-06-02 00:10,Industrial,Beja,237.6,34.1,8.09,2.02,OK
SM0391,2025-06-02 04:05,Industrial,Sfax,236.1,85.3,20.15,5.04,OK
SM0392,2025-06-02 01:14,Residential,Zaghouan,223.1,11.2,2.49,0.62,OK
SM0393,2025-06-01 16:05,Industrial,Medenine,230.4,82.9,19.1,4.78,OK
SM0394,2025-06-01 10:54,Residential,Kasserine,225.1,2.4,0.53,0.13,OK
SM0395,2025-06-02 05:42,Commercial,Manouba,231.1,14.8,3.41,0.85,OK
SM0396,2025-06-02 02:03,Residential,Siliana,227.7,2.1,0.48,0.12,OK
SM0397,2025-06-01 17:36,Industrial,Zaghouan,239.4,75.0,17.95,4.49,OK
SM0398,2025-06-02 07:37,Commercial,Kairouan,228.2,10.4,2.38,0.59,OK
SM0399,2025-06-02 00:45,Residential,Kef,224.2,4.1,0.91,0.23,OK
SM0400,2025-06-02 02:13,Industrial,Tataouine,239.2,32.9,7.86,1.97,OK
SM0401,2025-06-01 18:45,Commercial,Zaghouan,229.9,15.9,3.65,0.91,OK
SM0402,2025-06-01 10:59,Commercial,Medenine,231.4,25.4,5.87,1.47,OK
SM0403,2025-06-01 08:45,Residential,Ben Arous,225.0,8.6,1.93,0.48,OK
SM0404,2025-06-02 07:29,Commercial,Sfax,230.2,16.4,3.78,0.95,OK
SM0405,2025-06-01 13:11,Industrial,Tunis,231.5,48.0,11.11,2.78,OK
SM0406,2025-06-01 11:13,Residential,Kairouan,224.4,8.3,1.86,0.47,OK
SM0407,2025-06-01 19:46,Industrial,Ariana,236.0,50.3,11.86,2.97,OK
SM0408,2025-06-01 16:26,Residential,Tunis,221.7,13.2,2.93,0.73,OK
SM0409,2025-06-01 18:01,Industrial,Manouba,238.6,54.9,13.09,3.27,OK
SM0410,2025-06-01 14:07,Commercial,Sfax,229.5,27.7,6.36,1.59,OK
SM0411,2025-06-02 03:24,Industrial,Kef,232.1,60.8,14.12,3.53,OK
SM0412,2025-06-01 20:08,Commercial,Mahdia,225.9,10.2,2.3,0.58,OK
SM0413,2025-06-01 09:42,Residential,Ben Arous,223.1,8.0,1.79,0.45,OK
SM0414,2025-06-02 01:53,Residential,Ariana,228.3,5.4,1.22,0.31,OK
SM0415,2025-06-02 07:57,Residential,Nabeul,221.8,13.0,2.88,0.72,OK
SM0416,2025-06-01 10:58,Residential,Beja,227.2,8.9,2.02,0.5,OK
SM0417,2025-06-02 00:38,Residential,Kebili,220.3,3.4,0.75,0.19,OK
SM0418,2025-06-01 15:40,Residential,Kairouan,220.2,2.8,0.62,0.16,OK
SM0419,2025-06-01 11:29,Commercial,Bizerte,230.3,25.0,5.77,1.44,OK
SM0420,2025-06-01 22:39,Commercial,Siliana,226.2,23.2,5.24,1.31,OK
SM0421,2025-06-01 19:04,Residential,Kairouan,227.8,13.7,3.11,0.78,OK
SM0422,2025-06-01 16:28,Residential,Ben Arous,225.4,10.4,2.35,0.59,OK
SM0423,2025-06-02 07:05,Industrial,Sousse,236.7,96.1,22.75,5.69,OK
SM0424,2025-06-01 21:38,Industrial,Bizerte,237.6,44.4,10.55,2.64,OK
SM0425,2025-06-02 06:02,Commercial,Bizerte,232.1,27.5,6.38,1.59,OK
SM0426,2025-06-02 07:12,Industrial,Tozeur,234.7,50.3,11.8,2.95,OK
SM0427,2025-06-01 10:36,Commercial,Zaghouan,228.3,12.3,2.81,0.7,OK
SM0428,2025-06-02 02:50,Industrial,Kef,230.4,96.8,22.3,5.58,OK
SM0429,2025-06-01 09:32,Commercial,Sousse,230.2,16.6,3.82,0.96,OK
SM0430,2025-06-01 11:20,Commercial,Mahdia,228.4,26.0,5.95,1.49,OK
SM0431,2025-06-01 11:10,Commercial,Monastir,233.1,16.8,3.93,0.98,OK
SM0432,2025-06-01 21:27,Commercial,Kebili,225.5,17.0,3.84,0.96,OK
SM0433,2025-06-02 04:20,Residential,Jendouba,229.4,12.7,2.9,0.73,OK
SM0434,2025-06-01 12:35,Residential,Manouba,229.6,12.8,2.94,0.74,OK
SM0435,2025-06-01 08:23,Commercial,Zaghouan,231.8,27.4,6.36,1.59,OK
SM0436,2025-06-01 08:34,Industrial,Bizerte,235.9,78.7,18.58,4.64,OK
SM0437,2025-06-02 01:36,Industrial,Medenine,235.0,37.5,8.8,2.2,OK
SM0438,2025-06-01 13:43,Commercial,Sousse,226.1,27.7,6.27,1.57,OK
SM0439,2025-06-01 23:18,Commercial,Jendouba,234.7,14.4,3.38,0.85,OK
SM0440,2025-06-01 19:48,Commercial,Gafsa,226.1,11.3,2.56,0.64,OK
SM0441,2025-06-02 03:13,Industrial,Kairouan,236.9,63.5,15.05,3.76,OK
SM0442,2025-06-02 01:56,Industrial,Sidi Bouzid,238.2,89.4,21.3,5.33,OK
SM0443,2025-06-01 08:17,Industrial,Tunis,239.2,53.3,12.76,3.19,OK
SM0444,2025-06-01 14:14,Commercial,Nabeul,228.5,24.5,5.6,1.4,OK
SM0445,2025-06-02 01:12,Commercial,Monastir,228.8,29.0,6.64,1.66,OK
SM0446,2025-06-01 16:09,Commercial,Monastir,234.5,20.3,4.75,1.19,OK
SM0447,2025-06-02 07:12,Industrial,Manouba,239.3,73.1,17.5,4.38,OK
SM0448,2025-06-01 10:04,Industrial,Gabes,232.5,89.7,20.87,5.22,OK
SM0449,2025-06-01 23:48,Commercial,Siliana,229.0,29.7,6.79,1.7,OK
SM0450,2025-06-01 16:43,Residential,Jendouba,227.7,6.0,1.36,0.34,OK
SM0451,2025-06-01 16:25,Commercial,Medenine,231.9,28.1,6.51,1.63,OK
SM0452,2025-06-01 14:44,Industrial,Siliana,231.0,32.1,7.41,1.85,OK
SM0453,2025-06-01 11:08,Commercial,Jendouba,230.0,17.7,4.07,1.02,OK
SM0454,2025-06-02 00:35,Commercial,Tunis,233.2,18.4,4.29,1.07,OK
SM0455,2025-06-01 09:14,Commercial,Siliana,230.1,28.9,6.66,1.66,OK
SM0456,2025-06-02 07:52,Residential,Sfax,228.4,3.1,0.72,0.18,OK
SM0457,2025-06-01 22:16,Residential,Tozeur,228.2,6.8,1.55,0.39,OK
SM0458,2025-06-01 12:28,Commercial,Kef,228.8,15.2,3.48,0.87,OK
SM0459,2025-06-02 07:03,Industrial,Sidi Bouzid,233.6,80.1,18.72,4.68,OK
SM0460,2025-06-02 03:57,Commercial,Siliana,234.7,29.9,7.01,1.75,OK
SM0461,2025-06-01 14:30,Residential,Kef,223.3,13.4,2.99,0.75,OK
SM0462,2025-06-01 22:51,Industrial,Sousse,230.8,99.6,22.98,5.74,OK
SM0463,2025-06-01 19:51,Commercial,Kairouan,227.8,18.8,4.29,1.07,OK
SM0464,2025-06-01 20:24,Commercial,Siliana,229.2,13.2,3.03,0.76,OK
SM0465,2025-06-01 15:03,Commercial,Kebili,228.3,11.9,2.72,0.68,OK
SM0466,2025-06-01 08:10,Residential,Nabeul,223.7,4.8,1.07,0.27,OK
SM0467,2025-06-02 02:28,Industrial,Tunis,231.6,39.5,9.14,2.28,OK
SM0468,2025-06-01 10:33,Industrial,Monastir,230.8,33.9,7.83,1.96,OK
SM0469,2025-06-01 18:25,Residential,Kef,221.5,7.8,1.73,0.43,OK
SM0470,2025-06-01 22:51,Residential,Kebili,229.7,8.1,1.86,0.47,OK
SM0471,2025-06-01 13:17,Industrial,Sfax,237.7,72.8,17.31,4.33,OK
SM0472,2025-06-02 00:14,Commercial,Nabeul,233.2,28.5,6.63,1.66,OK
SM0473,2025-06-01 16:49,Residential,Manouba,221.8,7.8,1.73,0.43,OK
SM0474,2025-06-02 06:02,Industrial,Kairouan,237.2,99.8,23.68,5.92,OK
SM0475,2025-06-02 00:15,Residential,Tozeur,220.7,13.6,3.0,0.75,OK
SM0476,2025-06-01 23:36,Commercial,Bizerte,227.3,24.0,5.45,1.36,OK
SM0477,2025-06-01 21:43,Industrial,Sfax,235.5,37.7,8.88,2.22,OK
SM0478,2025-06-01 21:18,Industrial,Ben Arous,239.6,93.3,22.36,5.59,OK
SM0479,2025-06-01 23:46,Residential,Beja,230.0,13.1,3.01,0.75,OK
SM0480,2025-06-01 15:20,Residential,Monastir,229.5,13.4,3.07,0.77,OK
SM0481,2025-06-01 12:39,Commercial,Beja,226.9,15.6,3.54,0.88,OK
SM0482,2025-06-01 19:49,Residential,Kasserine,225.4,2.3,0.52,0.13,OK
SM0483,2025-06-01 13:33,Commercial,Monastir,234.5,13.7,3.21,0.8,OK
SM0484,2025-06-01 19:12,Commercial,Ben Arous,226.2,23.8,5.38,1.34,OK
SM0485,2025-06-01 17:09,Commercial,Nabeul,231.1,27.0,6.24,1.56,OK
SM0486,2025-06-01 23:28,Commercial,Kasserine,228.3,15.2,3.47,0.87,OK
SM0487,2025-06-01 09:59,Industrial,Ben Arous,234.6,92.5,21.71,5.43,OK
SM0488,2025-06-01 13:15,Residential,Kebili,223.4,9.2,2.06,0.51,OK
SM0489,2025-06-01 09:54,Commercial,Sidi Bouzid,228.8,16.1,3.69,0.92,OK
SM0490,2025-06-02 03:10,Industrial,Kasserine,236.2,45.9,10.85,2.71,OK
SM0491,2025-06-01 11:18,Commercial,Jendouba,225.2,13.8,3.11,0.78,OK
SM0492,2025-06-02 01:25,Residential,Manouba,227.9,8.0,1.82,0.45,OK
SM0493,2025-06-01 08:44,Commercial,Sousse,231.9,27.2,6.32,1.58,OK
SM0494,2025-06-01 10:32,Industrial,Medenine,238.6,37.9,9.05,2.26,OK
SM0495,2025-06-01 14:57,Residential,Sidi Bouzid,221.4,6.3,1.39,0.35,OK
SM0496,2025-06-01 08:06,Commercial,Mahdia,230.3,29.2,6.72,1.68,OK
SM0497,2025-06-02 04:01,Commercial,Monastir,234.3,14.4,3.38,0.85,OK
SM0498,2025-06-01 20:11,Industrial,Monastir,233.3,74.3,17.34,4.34,OK
SM0499,2025-06-01 20:31,Industrial,Gabes,230.3,37.7,8.69,2.17,OK
SM0500,2025-06-01 19:41,Commercial,Sidi Bouzid,229.2,20.8,4.77,1.19,OK
SM0501,2025-06-01 09:35,Commercial,Siliana,228.5,11.4,2.61,0.65,OK
SM0502,2025-06-01 22:43,Commercial,Gabes,227.3,22.5,5.11,1.28,OK
SM0503,2025-06-02 06:12,Residential,Manouba,229.0,3.3,0.75,0.19,OK
SM0504,2025-06-02 01:56,Residential,Sidi Bouzid,224.5,2.1,0.48,0.12,OK
SM0505,2025-06-01 08:44,Commercial,Mahdia,226.4,26.7,6.03,1.51,OK
SM0506,2025-06-01 08:23,Commercial,Kairouan,231.0,22.4,5.18,1.29,OK
SM0507,2025-06-01 14:58,Industrial,Sidi Bouzid,238.0,66.1,15.72,3.93,OK
SM0508,2025-06-01 23:09,Industrial,Tataouine,233.7,60.0,14.02,3.51,OK
SM0509,2025-06-02 04:50,Residential,Tozeur,226.3,9.6,2.16,0.54,OK
SM0510,2025-06-01 11:07,Industrial,Tataouine,230.4,91.6,21.1,5.27,OK
SM0511,2025-06-01 21:44,Industrial,Sidi Bouzid,239.0,94.5,22.59,5.65,OK
SM0512,2025-06-01 23:12,Commercial,Tunis,233.5,22.2,5.18,1.3,OK
SM0513,2025-06-01 17:50,Industrial,Ariana,234.8,94.9,22.28,5.57,OK
SM0514,2025-06-02 04:25,Residential,Kef,229.2,2.8,0.65,0.16,OK
SM0515,2025-06-01 23:22,Industrial,Gabes,239.5,76.6,18.35,4.59,OK
SM0516,2025-06-01 12:43,Residential,Nabeul,222.6,6.1,1.35,0.34,OK
SM0517,2025-06-01 12:03,Commercial,Zaghouan,229.4,21.6,4.95,1.24,OK
SM0518,2025-06-01 15:39,Residential,Kef,228.1,5.6,1.28,0.32,OK
SM0519,2025-06-01 13:31,Residential,Tozeur,228.9,2.9,0.67,0.17,OK
SM0520,2025-06-02 03:38,Residential,Kairouan,226.3,9.1,2.05,0.51,OK
SM0521,2025-06-02 01:06,Residential,Kairouan,226.7,5.1,1.17,0.29,OK
SM0522,2025-06-02 05:20,Residential,Siliana,221.4,10.1,2.24,0.56,OK
SM0523,2025-06-01 12:34,Commercial,Ariana,231.9,29.4,6.81,1.7,OK
SM0524,2025-06-01 23:19,Residential,Manouba,229.7,5.5,1.27,0.32,OK
SM0525,2025-06-02 07:34,Commercial,Mahdia,234.5,10.3,2.41,0.6,OK
SM0526,2025-06-01 19:02,Commercial,Beja,225.6,27.2,6.14,1.54,OK
SM0527,2025-06-01 23:00,Commercial,Kebili,231.4,19.4,4.49,1.12,OK
SM0528,2025-06-01 16:00,Commercial,Kasserine,230.0,22.5,5.17,1.29,OK
SM0529,2025-06-01 23:58,Commercial,Tunis,226.4,18.7,4.22,1.06,OK
SM0530,2025-06-01 20:16,Industrial,Kasserine,233.1,76.7,17.88,4.47,OK
SM0531,2025-06-02 07:30,Residential,Sousse,222.3,8.2,1.83,0.46,OK
SM0532,2025-06-01 19:22,Industrial,Medenine,237.2,33.6,7.96,1.99,OK
SM0533,2025-06-01 08:35,Industrial,Manouba,233.2,33.4,7.78,1.95,OK
SM0534,2025-06-01 21:16,Industrial,Mahdia,235.7,85.6,20.18,5.05,OK
SM0535,2025-06-01 13:13,Residential,Kasserine,227.1,5.0,1.14,0.28,OK
SM0536,2025-06-01 12:36,Commercial,Nabeul,230.3,26.9,6.19,1.55,OK
SM0537,2025-06-01 09:43,Residential,Zaghouan,227.9,14.7,3.35,0.84,OK
SM0538,2025-06-01 13:46,Residential,Kairouan,221.9,4.2,0.93,0.23,OK
SM0539,2025-06-02 00:42,Residential,Sousse,223.8,7.3,1.63,0.41,OK
SM0540,2025-06-02 06:03,Residential,Manouba,220.8,10.1,2.24,0.56,OK
SM0541,2025-06-02 06:43,Industrial,Tozeur,239.4,61.5,14.71,3.68,OK
SM0542,2025-06-01 15:09,Residential,Ariana,228.6,3.8,0.86,0.22,OK
SM0543,2025-06-01 10:17,Commercial,Kairouan,227.0,15.2,3.46,0.86,OK
SM0544,2025-06-02 01:27,Residential,Tunis,225.5,14.0,3.16,0.79,OK
SM0545,2025-06-01 14:31,Commercial,Tozeur,228.3,27.5,6.29,1.57,OK
SM0546,2025-06-01 12:34,Commercial,Tataouine,227.5,21.2,4.83,1.21,OK
SM0547,2025-06-02 05:15,Commercial,Sidi Bouzid,226.6,20.5,4.64,1.16,OK
SM0548,2025-06-01 13:26,Residential,Kebili,221.2,3.3,0.72,0.18,OK
SM0549,2025-06-01 10:30,Commercial,Manouba,226.2,28.4,6.43,1.61,OK
SM0550,2025-06-01 12:43,Industrial,Gabes,234.1,97.9,22.92,5.73,OK
SM0551,2025-06-01 19:18,Industrial,Ariana,237.6,44.0,10.45,2.61,OK
SM0552,2025-06-01 17:11,Commercial,Tozeur,233.3,24.4,5.68,1.42,OK
SM0553,2025-06-01 15:30,Industrial,Ariana,238.4,73.1,17.43,4.36,OK
SM0554,2025-06-01 14:41,Residential,Bizerte,226.0,5.6,1.27,0.32,OK
SM0555,2025-06-01 15:32,Residential,Manouba,220.8,14.9,3.29,0.82,OK
SM0556,2025-06-01 15:30,Industrial,Kairouan,231.5,55.7,12.9,3.22,OK
SM0557,2025-06-02 05:09,Residential,Sfax,226.3,8.4,1.91,0.48,OK
SM0558,2025-06-01 19:14,Residential,Sidi Bouzid,228.9,9.4,2.15,0.54,OK
SM0559,2025-06-01 15:46,Residential,Kebili,225.1,12.1,2.72,0.68,OK
SM0560,2025-06-01 12:17,Commercial,Manouba,233.6,17.0,3.96,0.99,OK
SM0561,2025-06-01 17:29,Commercial,Kebili,230.8,18.8,4.34,1.09,OK
SM0562,2025-06-01 13:18,Residential,Monastir,228.2,8.4,1.92,0.48,OK
SM0563,2025-06-01 18:26,Industrial,Manouba,233.1,35.7,8.33,2.08,OK
SM0564,2025-06-01 17:26,Commercial,Tataouine,228.7,15.5,3.55,0.89,OK
SM0565,2025-06-01 17:05,Residential,Kebili,226.3,5.6,1.28,0.32,OK
SM0566,2025-06-01 11:17,Industrial,Ariana,237.8,95.5,22.7,5.68,OK
SM0567,2025-06-01 22:45,Commercial,Ariana,232.0,23.7,5.5,1.37,OK
SM0568,2025-06-01 09:31,Commercial,Bizerte,230.6,26.2,6.03,1.51,OK
SM0569,2025-06-01 17:58,Industrial,Sousse,239.0,62.2,14.88,3.72,OK
SM0570,2025-06-01 23:54,Industrial,Sfax,230.5,79.6,18.36,4.59,OK
SM0571,2025-06-02 04:36,Residential,Siliana,222.4,5.7,1.27,0.32,OK
SM0572,2025-06-01 12:32,Residential,Sfax,224.1,14.1,3.16,0.79,OK
SM0573,2025-06-01 14:55,Residential,Bizerte,221.2,8.0,1.77,0.44,OK
SM0574,2025-06-02 00:02,Industrial,Ben Arous,237.9,86.0,20.46,5.12,OK
SM0575,2025-06-01 20:37,Commercial,Mahdia,227.2,13.6,3.1,0.77,OK
SM0576,2025-06-01 17:19,Industrial,Gabes,232.7,79.4,18.48,4.62,OK
SM0577,2025-06-02 04:19,Residential,Monastir,223.3,10.6,2.38,0.59,OK
SM0578,2025-06-02 04:50,Commercial,Beja,234.7,11.9,2.8,0.7,OK
SM0579,2025-06-01 15:11,Residential,Zaghouan,228.2,8.2,1.86,0.47,OK
SM0580,2025-06-01 10:20,Residential,Monastir,220.3,11.2,2.48,0.62,OK
SM0581,2025-06-02 04:45,Commercial,Beja,229.3,18.4,4.22,1.05,OK
SM0582,2025-06-01 18:03,Commercial,Manouba,230.7,15.1,3.49,0.87,OK
SM0583,2025-06-01 22:58,Residential,Sidi Bouzid,222.3,7.4,1.65,0.41,OK
SM0584,2025-06-01 12:58,Commercial,Siliana,226.6,21.9,4.96,1.24,OK
SM0585,2025-06-02 05:50,Commercial,Manouba,233.7,27.2,6.35,1.59,OK
SM0586,2025-06-01 11:19,Residential,Ariana,229.4,8.5,1.96,0.49,OK
SM0587,2025-06-01 16:26,Residential,Tozeur,225.9,4.1,0.93,0.23,OK
SM0588,2025-06-01 10:29,Commercial,Sousse,227.7,14.1,3.21,0.8,OK
SM0589,2025-06-01 21:09,Residential,Medenine,220.5,14.9,3.29,0.82,OK
SM0590,2025-06-02 00:00,Commercial,Sfax,229.0,15.1,3.46,0.87,OK
SM0591,2025-06-01 18:06,Residential,Tozeur,229.3,9.1,2.08,0.52,OK
SM0592,2025-06-01 20:42,Commercial,Ariana,226.1,22.0,4.97,1.24,OK
SM0593,2025-06-01 20:24,Residential,Zaghouan,220.5,3.6,0.8,0.2,OK
SM0594,2025-06-01 19:58,Residential,Gabes,227.4,7.5,1.71,0.43,OK
SM0595,2025-06-01 14:52,Residential,Ben Arous,227.8,5.0,1.14,0.28,OK
SM0596,2025-06-02 03:00,Residential,Kebili,227.9,5.3,1.21,0.3,OK
SM0597,2025-06-01 22:25,Residential,Ben Arous,220.1,5.1,1.13,0.28,OK
SM0598,2025-06-01 19:09,Residential,Kairouan,223.3,7.6,1.71,0.43,OK
SM0599,2025-06-01 21:56,Industrial,Kasserine,237.5,40.7,9.67,2.42,OK
SM0600,2025-06-01 15:01,Industrial,Mahdia,239.6,43.9,10.53,2.63,OK
SM0601,2025-06-01 09:30,Residential,Kef,222.7,4.5,1.0,0.25,OK
SM0602,2025-06-01 18:38,Residential,Monastir,228.9,6.6,1.52,0.38,OK
SM0603,2025-06-01 18:52,Commercial,Tataouine,227.7,18.3,4.17,1.04,OK
SM0604,2025-06-02 07:47,Industrial,Sidi Bouzid,230.8,41.1,9.48,2.37,OK
SM0605,2025-06-01 14:52,Commercial,Tozeur,227.0,12.0,2.72,0.68,OK
SM0606,2025-06-02 07:44,Residential,Kasserine,222.7,8.9,1.98,0.49,OK
SM0607,2025-06-02 01:26,Commercial,Medenine,227.7,13.1,2.99,0.75,OK
SM0608,2025-06-02 04:18,Residential,Sousse,224.5,4.3,0.97,0.24,OK
SM0609,2025-06-01 18:14,Residential,Kebili,222.7,12.4,2.77,0.69,OK
SM0610,2025-06-01 08:41,Industrial,Medenine,233.4,54.5,12.71,3.18,OK
SM0611,2025-06-01 21:22,Commercial,Bizerte,231.1,28.6,6.61,1.65,OK
SM0612,2025-06-01 11:41,Commercial,Ben Arous,232.4,13.8,3.2,0.8,OK
SM0613,2025-06-01 23:50,Industrial,Sousse,237.7,37.9,9.0,2.25,OK
SM0614,2025-06-01 20:12,Residential,Ben Arous,227.5,11.8,2.69,0.67,OK
SM0615,2025-06-01 10:39,Residential,Gabes,222.0,14.7,3.27,0.82,OK
SM0616,2025-06-01 23:07,Industrial,Nabeul,239.8,32.3,7.74,1.93,OK
SM0617,2025-06-02 02:42,Industrial,Gabes,231.1,72.7,16.79,4.2,OK
SM0618,2025-06-01 15:22,Residential,Kebili,228.7,7.0,1.61,0.4,OK
SM0619,2025-06-01 08:12,Industrial,Kairouan,238.8,31.2,7.45,1.86,OK
SM0620,2025-06-01 16:44,Industrial,Kef,234.4,71.6,16.79,4.2,OK
SM0621,2025-06-01 12:03,Commercial,Kasserine,234.9,23.3,5.48,1.37,OK
SM0622,2025-06-01 22:06,Commercial,Gafsa,232.3,12.2,2.82,0.71,OK
SM0623,2025-06-01 17:25,Industrial,Tataouine,236.1,37.7,8.89,2.22,OK
SM0624,2025-06-01 14:42,Residential,Kairouan,223.6,2.7,0.61,0.15,OK
SM0625,2025-06-01 22:45,Residential,Ben Arous,223.3,11.2,2.49,0.62,OK
SM0626,2025-06-01 22:07,Residential,Jendouba,223.9,13.2,2.95,0.74,OK
SM0627,2025-06-01 13:58,Industrial,Ben Arous,239.0,70.2,16.78,4.19,OK
SM0628,2025-06-01 19:44,Residential,Ariana,222.9,5.7,1.28,0.32,OK
SM0629,2025-06-01 21:35,Commercial,Gafsa,226.5,27.4,6.21,1.55,OK
SM0630,2025-06-02 05:26,Industrial,Ben Arous,232.9,40.5,9.42,2.36,OK
SM0631,2025-06-01 22:51,Industrial,Medenine,232.5,79.2,18.4,4.6,OK
SM0632,2025-06-01 13:13,Residential,Medenine,220.2,11.6,2.55,0.64,OK
SM0633,2025-06-01 17:12,Industrial,Mahdia,230.3,54.4,12.53,3.13,OK
SM0634,2025-06-02 03:35,Residential,Nabeul,229.2,3.6,0.82,0.21,OK
SM0635,2025-06-01 20:23,Industrial,Bizerte,232.3,57.1,13.26,3.32,OK
SM0636,2025-06-01 08:37,Residential,Kasserine,225.2,7.1,1.59,0.4,OK
SM0637,2025-06-01 16:36,Industrial,Tunis,231.3,63.9,14.78,3.69,OK
SM0638,2025-06-01 16:13,Commercial,Ariana,232.5,14.0,3.26,0.81,OK
SM0639,2025-06-01 13:18,Industrial,Bizerte,235.0,71.5,16.81,4.2,OK
SM0640,2025-06-02 03:37,Commercial,Monastir,227.7,29.6,6.74,1.68,OK
SM0641,2025-06-01 20:31,Residential,Sousse,224.4,10.4,2.32,0.58,OK
SM0642,2025-06-02 05:25,Commercial,Monastir,225.4,26.6,6.0,1.5,OK
SM0643,2025-06-01 12:01,Residential,Zaghouan,220.4,3.1,0.69,0.17,OK
SM0644,2025-06-01 19:23,Commercial,Medenine,228.3,21.3,4.85,1.21,OK
SM0645,2025-06-02 03:39,Industrial,Kairouan,237.1,61.2,14.5,3.63,OK
SM0646,2025-06-01 22:24,Industrial,Tozeur,232.9,39.6,9.21,2.3,OK
SM0647,2025-06-02 06:56,Industrial,Bizerte,236.8,61.8,14.64,3.66,OK
SM0648,2025-06-02 03:35,Industrial,Tataouine,234.0,62.5,14.62,3.65,OK
SM0649,2025-06-01 23:15,Residential,Zaghouan,222.1,10.6,2.35,0.59,OK
SM0650,2025-06-02 00:51,Industrial,Tunis,237.4,45.4,10.78,2.7,OK
SM0651,2025-06-01 13:28,Residential,Bizerte,229.9,8.6,1.97,0.49,OK
SM0652,2025-06-01 22:04,Industrial,Tunis,239.4,94.7,22.67,5.67,OK
SM0653,2025-06-01 09:01,Residential,Ariana,225.9,5.3,1.21,0.3,OK
SM0654,2025-06-01 18:26,Industrial,Kairouan,235.4,86.8,20.44,5.11,OK
SM0655,2025-06-02 02:42,Residential,Mahdia,224.1,14.3,3.21,0.8,OK
SM0656,2025-06-02 03:05,Residential,Manouba,225.7,12.3,2.79,0.7,OK
SM0657,2025-06-01 13:50,Industrial,Gafsa,231.5,48.1,11.13,2.78,OK
SM0658,2025-06-01 08:36,Industrial,Manouba,233.1,98.5,22.95,5.74,OK
SM0659,2025-06-01 08:22,Industrial,Kairouan,235.0,71.5,16.8,4.2,OK
SM0660,2025-06-01 18:16,Commercial,Zaghouan,227.2,29.5,6.69,1.67,OK
SM0661,2025-06-01 09:22,Residential,Gabes,221.5,13.8,3.05,0.76,OK
SM0662,2025-06-01 09:27,Commercial,Manouba,234.2,18.7,4.38,1.1,OK
SM0663,2025-06-01 10:27,Residential,Kasserine,225.2,13.7,3.08,0.77,OK
SM0664,2025-06-01 19:11,Industrial,Tozeur,232.5,80.1,18.62,4.66,OK
SM0665,2025-06-02 05:11,Commercial,Ben Arous,230.4,22.1,5.1,1.28,OK
SM0666,2025-06-01 20:18,Industrial,Medenine,230.3,60.4,13.92,3.48,OK
SM0667,2025-06-01 16:59,Residential,Kairouan,229.0,4.9,1.12,0.28,OK
SM0668,2025-06-01 09:10,Industrial,Kef,234.2,35.1,8.21,2.05,OK
SM0669,2025-06-01 13:13,Commercial,Beja,234.4,21.6,5.06,1.26,OK
SM0670,2025-06-01 23:51,Residential,Mahdia,227.7,6.2,1.4,0.35,OK
SM0671,2025-06-01 19:20,Commercial,Monastir,231.7,12.2,2.82,0.71,OK
SM0672,2025-06-01 15:00,Industrial,Manouba,236.0,52.7,12.44,3.11,OK
SM0673,2025-06-01 23:31,Industrial,Kairouan,239.4,33.3,7.96,1.99,OK
SM0674,2025-06-01 12:14,Commercial,Nabeul,229.6,16.4,3.76,0.94,OK
SM0675,2025-06-02 00:13,Residential,Jendouba,229.2,12.8,2.93,0.73,OK
SM0676,2025-06-01 10:25,Commercial,Sidi Bouzid,229.9,19.0,4.38,1.09,OK
SM0677,2025-06-01 23:00,Residential,Jendouba,227.3,12.6,2.86,0.71,OK
SM0678,2025-06-01 20:15,Industrial,Zaghouan,238.2,48.3,11.51,2.88,OK
SM0679,2025-06-02 00:57,Residential,Gabes,222.8,12.4,2.76,0.69,OK
SM0680,2025-06-01 23:18,Industrial,Zaghouan,235.2,88.4,20.8,5.2,OK
SM0681,2025-06-01 13:35,Industrial,Nabeul,233.8,32.5,7.6,1.9,OK
SM0682,2025-06-02 05:00,Residential,Kairouan,225.3,14.6,3.29,0.82,OK
SM0683,2025-06-01 11:54,Industrial,Kairouan,230.6,96.3,22.2,5.55,OK
SM0684,2025-06-02 07:24,Commercial,Siliana,231.7,21.9,5.07,1.27,OK
SM0685,2025-06-01 19:10,Residential,Gafsa,224.4,11.2,2.52,0.63,OK
SM0686,2025-06-02 06:07,Industrial,Ariana,234.0,86.0,20.11,5.03,OK
SM0687,2025-06-02 05:09,Industrial,Siliana,230.6,37.5,8.64,2.16,OK
SM0688,2025-06-01 11:54,Commercial,Manouba,230.4,23.1,5.32,1.33,OK
SM0689,2025-06-02 00:53,Residential,Tozeur,223.9,8.9,2.0,0.5,OK
SM0690,2025-06-01 19:19,Industrial,Tataouine,234.2,37.8,8.86,2.21,OK
SM0691,2025-06-02 00:29,Industrial,Jendouba,236.2,84.5,19.96,4.99,OK
SM0692,2025-06-01 08:56,Industrial,Sidi Bouzid,235.2,75.1,17.65,4.41,OK
SM0693,2025-06-01 11:31,Residential,Manouba,227.7,13.5,3.08,0.77,OK
SM0694,2025-06-01 22:55,Industrial,Kasserine,233.9,32.7,7.64,1.91,OK
SM0695,2025-06-01 21:57,Industrial,Mahdia,238.2,72.2,17.2,4.3,OK
SM0696,2025-06-02 04:31,Residential,Ben Arous,225.0,4.2,0.95,0.24,OK
SM0697,2025-06-02 05:52,Industrial,Kasserine,238.0,84.2,20.03,5.01,OK
SM0698,2025-06-02 00:30,Residential,Medenine,224.1,10.9,2.45,0.61,OK
SM0699,2025-06-02 02:34,Commercial,Kebili,225.2,19.9,4.47,1.12,OK
SM0700,2025-06-01 21:45,Industrial,Siliana,239.4,54.1,12.94,3.24,OK
SM0701,2025-06-01 14:45,Industrial,Kebili,238.0,89.4,21.27,5.32,OK
SM0702,2025-06-02 03:17,Industrial,Gafsa,237.0,87.6,20.75,5.19,OK
SM0703,2025-06-01 08:37,Commercial,Nabeul,232.2,26.3,6.1,1.53,OK
SM0704,2025-06-01 14:03,Commercial,Zaghouan,234.3,29.0,6.78,1.7,OK
SM0705,2025-06-02 03:54,Residential,Tozeur,229.6,9.1,2.09,0.52,OK
SM0706,2025-06-01 23:36,Residential,Manouba,228.8,2.7,0.61,0.15,OK
SM0707,2025-06-01 20:10,Industrial,Jendouba,238.3,43.8,10.45,2.61,OK
SM0708,2025-06-01 20:20,Industrial,Jendouba,230.7,46.0,10.62,2.66,OK
SM0709,2025-06-02 01:20,Industrial,Kairouan,238.6,61.7,14.71,3.68,OK
SM0710,2025-06-01 18:24,Residential,Tataouine,222.3,9.8,2.17,0.54,OK
SM0711,2025-06-01 21:43,Industrial,Gabes,234.0,88.6,20.72,5.18,OK
SM0712,2025-06-01 09:47,Commercial,Nabeul,233.9,26.2,6.13,1.53,OK
SM0713,2025-06-01 23:15,Industrial,Ben Arous,235.6,82.4,19.41,4.85,OK
SM0714,2025-06-01 23:28,Residential,Medenine,225.0,10.4,2.34,0.58,OK
SM0715,2025-06-02 07:07,Residential,Monastir,228.4,7.9,1.8,0.45,OK
SM0716,2025-06-02 06:56,Residential,Ariana,222.1,13.0,2.88,0.72,OK
SM0717,2025-06-01 14:29,Residential,Sidi Bouzid,228.4,3.0,0.67,0.17,OK
SM0718,2025-06-01 21:13,Residential,Sfax,222.4,2.4,0.53,0.13,OK
SM0719,2025-06-01 21:36,Residential,Medenine,229.1,3.1,0.72,0.18,OK
SM0720,2025-06-02 05:09,Commercial,Kasserine,231.6,29.6,6.86,1.71,OK
SM0721,2025-06-02 00:40,Residential,Zaghouan,225.9,3.2,0.73,0.18,OK
SM0722,2025-06-01 16:19,Industrial,Tozeur,233.6,74.1,17.31,4.33,OK
SM0723,2025-06-01 11:53,Residential,Zaghouan,226.5,2.1,0.47,0.12,OK
SM0724,2025-06-01 12:17,Commercial,Sfax,232.1,14.4,3.35,0.84,OK
SM0725,2025-06-01 10:50,Residential,Manouba,225.4,13.5,3.05,0.76,OK
SM0726,2025-06-01 09:20,Commercial,Tataouine,228.5,10.2,2.34,0.58,OK
SM0727,2025-06-02 03:19,Residential,Kasserine,225.4,7.4,1.67,0.42,OK
SM0728,2025-06-01 19:33,Industrial,Jendouba,231.7,87.0,20.16,5.04,OK
SM0729,2025-06-01 17:49,Commercial,Beja,232.8,14.8,3.45,0.86,OK
SM0730,2025-06-02 07:42,Residential,Kef,228.3,6.3,1.44,0.36,OK
SM0731,2025-06-01 20:36,Industrial,Gabes,230.5,44.3,10.21,2.55,OK
SM0732,2025-06-01 22:56,Commercial,Beja,232.9,13.8,3.2,0.8,OK
SM0733,2025-06-01 21:40,Commercial,Kef,225.8,29.1,6.58,1.64,OK
SM0734,2025-06-02 00:56,Residential,Sfax,221.8,4.5,1.0,0.25,OK
SM0735,2025-06-01 16:54,Industrial,Monastir,236.1,40.1,9.46,2.37,OK
SM0736,2025-06-01 21:14,Commercial,Sidi Bouzid,233.8,24.1,5.63,1.41,OK
SM0737,2025-06-01 12:56,Commercial,Gabes,229.7,11.1,2.55,0.64,OK
SM0738,2025-06-01 20:50,Residential,Kebili,222.6,11.1,2.48,0.62,OK
SM0739,2025-06-01 13:48,Residential,Sfax,229.6,5.8,1.33,0.33,OK
SM0740,2025-06-01 16:47,Industrial,Tataouine,234.6,42.6,10.0,2.5,OK
SM0741,2025-06-02 03:14,Residential,Kebili,226.3,4.4,0.99,0.25,OK
SM0742,2025-06-01 12:57,Residential,Jendouba,222.2,4.2,0.93,0.23,OK
SM0743,2025-06-01 22:25,Industrial,Ariana,236.8,62.4,14.78,3.7,OK
SM0744,2025-06-02 01:08,Commercial,Sfax,232.5,11.4,2.66,0.67,OK
SM0745,2025-06-01 10:16,Residential,Jendouba,221.8,9.4,2.1,0.52,OK
SM0746,2025-06-01 10:10,Industrial,Sousse,240.0,83.6,20.07,5.02,OK
SM0747,2025-06-01 11:11,Residential,Kairouan,223.7,8.2,1.84,0.46,OK
SM0748,2025-06-01 20:53,Residential,Tozeur,229.7,9.5,2.18,0.54,OK
SM0749,2025-06-01 17:04,Commercial,Nabeul,227.7,25.0,5.7,1.42,OK
SM0750,2025-06-01 10:49,Residential,Sfax,226.0,11.4,2.57,0.64,OK
SM0751,2025-06-01 12:56,Industrial,Sfax,232.8,64.9,15.11,3.78,OK
SM0752,2025-06-02 00:58,Commercial,Tunis,229.7,24.7,5.66,1.42,OK
SM0753,2025-06-02 02:32,Industrial,Tunis,233.0,92.1,21.47,5.37,OK
SM0754,2025-06-01 08:41,Residential,Medenine,228.0,4.9,1.12,0.28,OK
SM0755,2025-06-02 03:00,Residential,Kef,225.3,5.9,1.32,0.33,OK
SM0756,2025-06-01 09:42,Residential,Ben Arous,220.6,2.9,0.65,0.16,OK
SM0757,2025-06-01 13:27,Industrial,Kairouan,231.5,77.5,17.95,4.49,OK
SM0758,2025-06-01 16:57,Residential,Tunis,223.2,5.3,1.18,0.29,OK
SM0759,2025-06-01 10:31,Industrial,Sousse,236.3,79.0,18.67,4.67,OK
SM0760,2025-06-02 05:04,Industrial,Monastir,231.9,77.8,18.05,4.51,OK
SM0761,2025-06-01 19:53,Industrial,Nabeul,236.3,68.3,16.13,4.03,OK
SM0762,2025-06-01 21:34,Residential,Mahdia,224.2,4.4,0.98,0.24,OK
SM0763,2025-06-01 17:37,Industrial,Siliana,239.6,39.7,9.51,2.38,OK
SM0764,2025-06-01 14:23,Industrial,Sousse,238.6,57.0,13.59,3.4,OK
SM0765,2025-06-01 18:54,Residential,Manouba,226.9,13.6,3.09,0.77,OK
SM0766,2025-06-01 13:43,Industrial,Ariana,238.1,31.3,7.44,1.86,OK
SM0767,2025-06-02 05:16,Industrial,Bizerte,239.1,58.8,14.07,3.52,OK
SM0768,2025-06-02 07:07,Industrial,Kasserine,234.6,74.1,17.38,4.35,OK
SM0769,2025-06-02 05:10,Commercial,Ben Arous,232.4,12.9,2.99,0.75,OK
SM0770,2025-06-01 08:28,Industrial,Gabes,232.6,42.8,9.97,2.49,OK
SM0771,2025-06-02 02:08,Industrial,Gabes,234.2,86.8,20.33,5.08,OK
SM0772,2025-06-01 14:53,Industrial,Ben Arous,234.5,51.1,11.99,3.0,OK
SM0773,2025-06-01 09:15,Commercial,Monastir,234.0,28.2,6.61,1.65,OK
SM0774,2025-06-01 08:10,Residential,Gabes,224.8,4.2,0.95,0.24,OK
SM0775,2025-06-02 05:51,Commercial,Tunis,234.7,27.7,6.51,1.63,OK
SM0776,2025-06-02 05:43,Industrial,Tataouine,238.4,80.9,19.29,4.82,OK
SM0777,2025-06-01 18:22,Industrial,Ariana,235.2,83.9,19.74,4.93,OK
SM0778,2025-06-01 11:20,Commercial,Gabes,226.6,25.5,5.79,1.45,OK
SM0779,2025-06-02 06:32,Industrial,Zaghouan,232.5,70.8,16.46,4.11,OK
SM0780,2025-06-01 15:30,Commercial,Gafsa,234.2,28.7,6.72,1.68,OK
SM0781,2025-06-01 08:15,Industrial,Sfax,238.4,92.3,21.99,5.5,OK
SM0782,2025-06-01 23:55,Industrial,Jendouba,240.0,43.7,10.49,2.62,OK
SM0783,2025-06-01 08:36,Residential,Sidi Bouzid,223.9,10.5,2.36,0.59,OK
SM0784,2025-06-01 18:09,Residential,Bizerte,222.2,6.1,1.36,0.34,OK
SM0785,2025-06-01 08:02,Industrial,Siliana,231.0,95.1,21.96,5.49,OK
SM0786,2025-06-02 07:00,Commercial,Tataouine,233.4,27.8,6.49,1.62,OK
SM0787,2025-06-01 12:54,Commercial,Beja,229.2,12.1,2.77,0.69,OK
SM0788,2025-06-01 14:47,Industrial,Kef,232.4,96.0,22.31,5.58,OK
SM0789,2025-06-01 08:41,Residential,Kebili,221.3,14.5,3.21,0.8,OK
SM0790,2025-06-01 22:29,Residential,Medenine,225.3,12.0,2.71,0.68,OK
SM0791,2025-06-02 06:34,Commercial,Gafsa,226.8,11.3,2.55,0.64,OK
SM0792,2025-06-02 05:02,Residential,Kef,226.0,13.1,2.97,0.74,OK
SM0793,2025-06-01 17:19,Residential,Tozeur,229.9,5.1,1.18,0.3,OK
SM0794,2025-06-02 03:46,Industrial,Jendouba,238.3,72.6,17.31,4.33,OK
SM0795,2025-06-02 06:07,Commercial,Zaghouan,230.0,10.9,2.52,0.63,OK
SM0796,2025-06-01 08:26,Industrial,Tozeur,234.1,86.0,20.14,5.03,OK
SM0797,2025-06-01 10:05,Industrial,Gafsa,235.1,54.5,12.82,3.2,OK
SM0798,2025-06-01 12:46,Industrial,Bizerte,234.8,89.6,21.04,5.26,OK
SM0799,2025-06-01 12:01,Residential,Tunis,228.8,5.6,1.29,0.32,OK
SM0800,2025-06-01 21:00,Commercial,Tataouine,230.1,16.2,3.73,0.93,OK
SM0801,2025-06-01 15:50,Industrial,Beja,239.1,72.8,17.39,4.35,OK
SM0802,2025-06-02 00:13,Residential,Tozeur,221.3,12.2,2.7,0.68,OK
SM0803,2025-06-01 11:41,Commercial,Beja,233.4,14.0,3.27,0.82,OK
SM0804,2025-06-01 13:59,Industrial,Medenine,232.0,88.7,20.59,5.15,OK
SM0805,2025-06-01 12:46,Commercial,Jendouba,230.4,19.9,4.58,1.14,OK
SM0806,2025-06-01 18:12,Commercial,Tozeur,229.1,19.3,4.41,1.1,OK
SM0807,2025-06-01 20:17,Industrial,Bizerte,238.5,49.2,11.74,2.93,OK
SM0808,2025-06-02 05:20,Residential,Tunis,225.2,6.3,1.42,0.36,OK
SM0809,2025-06-01 15:02,Industrial,Sfax,238.0,95.4,22.7,5.68,OK
SM0810,2025-06-01 12:06,Residential,Siliana,225.3,5.5,1.24,0.31,OK
SM0811,2025-06-01 13:47,Industrial,Tozeur,236.1,70.3,16.6,4.15,OK
SM0812,2025-06-01 19:25,Residential,Jendouba,227.2,8.3,1.88,0.47,OK
SM0813,2025-06-01 14:21,Commercial,Manouba,227.3,13.8,3.15,0.79,OK
SM0814,2025-06-02 04:48,Industrial,Ben Arous,236.7,71.8,17.0,4.25,OK
SM0815,2025-06-01 21:34,Residential,Beja,226.1,3.8,0.86,0.22,OK
SM0816,2025-06-01 12:56,Residential,Kairouan,228.3,9.3,2.12,0.53,OK
SM0817,2025-06-01 16:29,Industrial,Siliana,234.4,82.4,19.32,4.83,OK
SM0818,2025-06-02 07:10,Residential,Beja,223.9,6.0,1.34,0.34,OK
SM0819,2025-06-01 17:10,Industrial,Mahdia,236.7,87.9,20.8,5.2,OK
SM0820,2025-06-01 13:59,Commercial,Ben Arous,227.1,15.8,3.58,0.9,OK
SM0821,2025-06-02 07:37,Residential,Ariana,224.3,14.8,3.31,0.83,OK
SM0822,2025-06-01 09:52,Residential,Mahdia,224.7,10.3,2.32,0.58,OK
SM0823,2025-06-01 21:50,Industrial,Medenine,236.2,64.2,15.16,3.79,OK
SM0824,2025-06-01 10:33,Industrial,Gabes,234.6,56.5,13.24,3.31,OK
SM0825,2025-06-01 10:05,Industrial,Gabes,231.2,58.1,13.44,3.36,OK
SM0826,2025-06-01 17:30,Industrial,Sfax,236.7,64.9,15.36,3.84,OK
SM0827,2025-06-01 20:51,Commercial,Bizerte,232.7,27.4,6.37,1.59,OK
SM0828,2025-06-01 22:24,Commercial,Manouba,234.9,27.9,6.55,1.64,OK
SM0829,2025-06-01 21:36,Industrial,Jendouba,234.9,55.9,13.13,3.28,OK
SM0830,2025-06-01 21:11,Residential,Tozeur,222.8,12.9,2.87,0.72,OK
SM0831,2025-06-01 23:40,Industrial,Sfax,237.5,97.1,23.07,5.77,OK
SM0832,2025-06-01 22:28,Residential,Manouba,228.1,14.7,3.34,0.84,OK
SM0833,2025-06-01 13:18,Commercial,Beja,228.7,11.8,2.7,0.68,OK
SM0834,2025-06-01 20:00,Residential,Siliana,224.1,2.5,0.56,0.14,OK
SM0835,2025-06-01 23:29,Commercial,Mahdia,234.2,17.1,3.99,1.0,OK
SM0836,2025-06-02 02:18,Residential,Sidi Bouzid,221.3,10.7,2.37,0.59,OK
SM0837,2025-06-01 21:42,Residential,Kasserine,222.9,7.3,1.63,0.41,OK
SM0838,2025-06-01 20:31,Commercial,Kebili,228.7,15.5,3.54,0.89,OK
SM0839,2025-06-02 01:36,Commercial,Tozeur,226.9,12.5,2.84,0.71,OK
SM0840,2025-06-01 17:26,Residential,Beja,224.6,4.8,1.08,0.27,OK
SM0841,2025-06-01 19:14,Industrial,Kebili,239.0,37.6,8.98,2.24,OK
SM0842,2025-06-01 16:55,Industrial,Manouba,234.8,38.8,9.11,2.28,OK
SM0843,2025-06-02 00:08,Industrial,Tunis,234.9,44.2,10.37,2.59,OK
SM0844,2025-06-01 20:22,Industrial,Sfax,231.3,83.4,19.29,4.82,OK
SM0845,2025-06-01 09:26,Residential,Sidi Bouzid,220.1,2.9,0.64,0.16,OK
SM0846,2025-06-01 17:24,Commercial,Manouba,234.0,12.0,2.8,0.7,OK
SM0847,2025-06-02 06:55,Industrial,Sidi Bouzid,237.4,75.9,18.02,4.5,OK
SM0848,2025-06-01 22:21,Industrial,Sidi Bouzid,235.0,40.9,9.62,2.41,OK
SM0849,2025-06-02 00:51,Commercial,Nabeul,232.7,10.6,2.47,0.62,OK
SM0850,2025-06-02 02:49,Industrial,Sfax,230.3,84.9,19.55,4.89,OK
SM0851,2025-06-01 12:53,Residential,Gabes,227.9,11.9,2.72,0.68,OK
SM0852,2025-06-01 19:38,Commercial,Siliana,229.3,22.1,5.07,1.27,OK
SM0853,2025-06-01 11:07,Commercial,Gafsa,229.5,16.4,3.76,0.94,OK
SM0854,2025-06-01 20:49,Industrial,Manouba,237.2,44.4,10.52,2.63,OK
SM0855,2025-06-02 07:17,Residential,Kasserine,225.4,11.4,2.56,0.64,OK
SM0856,2025-06-02 03:08,Commercial,Siliana,229.2,22.7,5.2,1.3,OK
SM0857,2025-06-02 04:22,Industrial,Mahdia,235.6,86.0,20.26,5.06,OK
SM0858,2025-06-01 17:38,Industrial,Siliana,232.6,91.8,21.36,5.34,OK
SM0859,2025-06-02 04:02,Residential,Mahdia,221.9,7.5,1.66,0.42,OK
SM0860,2025-06-02 00:45,Industrial,Manouba,237.3,84.9,20.14,5.04,OK
SM0861,2025-06-01 23:29,Industrial,Kairouan,234.2,92.3,21.63,5.41,OK
SM0862,2025-06-01 15:11,Commercial,Tunis,227.0,21.6,4.9,1.22,OK
SM0863,2025-06-01 19:34,Commercial,Bizerte,229.7,27.2,6.25,1.56,OK
SM0864,2025-06-01 17:10,Commercial,Monastir,227.8,15.9,3.61,0.9,OK
SM0865,2025-06-02 00:28,Industrial,Manouba,233.5,69.1,16.13,4.03,OK
SM0866,2025-06-02 03:51,Residential,Tozeur,226.6,3.4,0.76,0.19,OK
SM0867,2025-06-01 17:03,Commercial,Mahdia,227.6,20.8,4.73,1.18,OK
SM0868,2025-06-02 02:43,Industrial,Sfax,230.9,63.3,14.61,3.65,OK
SM0869,2025-06-01 17:22,Industrial,Medenine,238.0,31.4,7.48,1.87,OK
SM0870,2025-06-02 00:58,Industrial,Mahdia,234.3,43.3,10.15,2.54,OK
SM0871,2025-06-01 21:45,Commercial,Sousse,225.5,20.2,4.55,1.14,OK
SM0872,2025-06-01 13:51,Commercial,Nabeul,225.2,26.8,6.04,1.51,OK
SM0873,2025-06-01 08:34,Industrial,Kasserine,236.2,61.2,14.45,3.61,OK
SM0874,2025-06-01 23:52,Residential,Kasserine,226.4,2.4,0.53,0.13,OK
SM0875,2025-06-02 02:59,Industrial,Beja,231.2,62.2,14.39,3.6,OK
SM0876,2025-06-01 11:22,Residential,Jendouba,226.4,7.1,1.61,0.4,OK
SM0877,2025-06-02 07:02,Industrial,Beja,235.9,79.5,18.76,4.69,OK
SM0878,2025-06-01 10:19,Commercial,Kairouan,225.7,18.2,4.11,1.03,OK
SM0879,2025-06-01 11:52,Residential,Siliana,220.3,7.0,1.53,0.38,OK
SM0880,2025-06-02 05:54,Industrial,Bizerte,232.8,98.0,22.81,5.7,OK
SM0881,2025-06-01 21:07,Residential,Kairouan,220.5,9.4,2.07,0.52,OK
SM0882,2025-06-01 12:08,Industrial,Zaghouan,235.1,90.7,21.31,5.33,OK
SM0883,2025-06-01 11:55,Residential,Medenine,226.4,6.1,1.37,0.34,OK
SM0884,2025-06-01 15:43,Industrial,Tataouine,233.0,78.3,18.24,4.56,OK
SM0885,2025-06-01 14:55,Commercial,Zaghouan,225.6,23.0,5.18,1.3,OK
SM0886,2025-06-02 05:30,Commercial,Tunis,227.6,10.9,2.47,0.62,OK
SM0887,2025-06-02 04:24,Commercial,Ariana,227.9,29.8,6.79,1.7,OK
SM0888,2025-06-01 17:34,Residential,Kasserine,225.1,2.4,0.53,0.13,OK
SM0889,2025-06-01 12:04,Commercial,Kasserine,232.1,28.8,6.68,1.67,OK
SM0890,2025-06-01 21:00,Commercial,Kebili,228.9,29.7,6.79,1.7,OK
SM0891,2025-06-02 06:02,Industrial,Nabeul,234.0,90.6,21.21,5.3,OK
SM0892,2025-06-01 10:11,Commercial,Sousse,233.0,12.5,2.92,0.73,OK
SM0893,2025-06-02 07:41,Industrial,Tunis,235.6,31.7,7.48,1.87,OK
SM0894,2025-06-01 19:51,Industrial,Tunis,233.1,81.4,18.99,4.75,OK
SM0895,2025-06-01 23:57,Commercial,Siliana,226.7,13.3,3.02,0.75,OK
SM0896,2025-06-01 15:22,Residential,Beja,226.5,9.1,2.07,0.52,OK
SM0897,2025-06-01 09:35,Industrial,Sidi Bouzid,232.4,53.1,12.34,3.09,OK
SM0898,2025-06-01 10:00,Residential,Ben Arous,222.8,8.2,1.83,0.46,OK
SM0899,2025-06-02 07:49,Residential,Ariana,226.5,14.5,3.29,0.82,OK
SM0900,2025-06-01 19:54,Commercial,Sousse,227.2,23.8,5.4,1.35,OK
SM0901,2025-06-02 05:05,Commercial,Tataouine,225.5,10.6,2.39,0.6,OK
SM0902,2025-06-01 19:30,Residential,Ben Arous,220.2,7.2,1.59,0.4,OK
SM0903,2025-06-01 18:16,Residential,Kef,225.9,3.6,0.81,0.2,OK
SM0904,2025-06-01 16:04,Industrial,Manouba,237.0,77.5,18.36,4.59,OK
SM0905,2025-06-02 03:02,Industrial,Monastir,230.9,59.9,13.83,3.46,OK
SM0906,2025-06-02 00:25,Industrial,Sidi Bouzid,230.7,80.6,18.59,4.65,OK
SM0907,2025-06-01 18:09,Industrial,Ben Arous,234.9,37.7,8.84,2.21,OK
SM0908,2025-06-02 04:31,Residential,Jendouba,228.5,14.9,3.39,0.85,OK
SM0909,2025-06-01 13:27,Commercial,Gafsa,227.3,21.6,4.9,1.23,OK
SM0910,2025-06-02 04:09,Residential,Sousse,221.2,6.2,1.36,0.34,OK
SM0911,2025-06-02 06:37,Residential,Tataouine,220.7,6.4,1.42,0.36,OK
SM0912,2025-06-01 10:18,Commercial,Mahdia,229.6,16.9,3.89,0.97,OK
SM0913,2025-06-01 08:15,Residential,Siliana,224.4,9.3,2.08,0.52,OK
SM0914,2025-06-01 18:12,Residential,Nabeul,227.1,9.6,2.19,0.55,OK
SM0915,2025-06-02 03:37,Commercial,Medenine,227.9,27.6,6.29,1.57,OK
SM0916,2025-06-02 03:58,Residential,Tunis,223.3,9.8,2.19,0.55,OK
SM0917,2025-06-02 03:58,Residential,Ben Arous,222.4,12.1,2.69,0.67,OK
SM0918,2025-06-02 03:13,Industrial,Bizerte,237.5,89.2,21.2,5.3,OK
SM0919,2025-06-02 02:55,Residential,Kef,229.5,13.4,3.07,0.77,OK
SM0920,2025-06-01 14:27,Industrial,Bizerte,233.8,54.1,12.64,3.16,OK
SM0921,2025-06-02 04:36,Residential,Nabeul,229.8,7.1,1.63,0.41,OK
SM0922,2025-06-01 14:36,Industrial,Mahdia,230.4,76.5,17.63,4.41,OK
SM0923,2025-06-01 17:05,Residential,Ben Arous,228.4,4.1,0.93,0.23,OK
SM0924,2025-06-01 22:23,Industrial,Sousse,237.5,40.0,9.51,2.38,OK
SM0925,2025-06-01 20:44,Industrial,Kebili,230.6,44.9,10.34,2.59,OK
SM0926,2025-06-01 09:28,Industrial,Ariana,235.6,44.0,10.37,2.59,OK
SM0927,2025-06-02 07:07,Commercial,Jendouba,227.9,11.7,2.67,0.67,OK
SM0928,2025-06-02 07:32,Industrial,Ben Arous,239.1,79.4,18.98,4.74,OK
SM0929,2025-06-01 09:34,Residential,Zaghouan,228.1,10.4,2.37,0.59,OK
SM0930,2025-06-01 23:53,Residential,Manouba,229.7,12.5,2.87,0.72,OK
SM0931,2025-06-01 12:11,Industrial,Gabes,239.0,58.6,13.99,3.5,OK
SM0932,2025-06-02 06:21,Residential,Manouba,226.5,5.4,1.21,0.3,OK
SM0933,2025-06-01 21:38,Industrial,Bizerte,239.3,57.2,13.68,3.42,OK
SM0934,2025-06-02 01:59,Industrial,Kebili,235.5,83.2,19.59,4.9,OK
SM0935,2025-06-02 03:44,Industrial,Monastir,237.1,63.1,14.96,3.74,OK
SM0936,2025-06-01 12:05,Residential,Tunis,220.3,9.6,2.12,0.53,OK
SM0937,2025-06-01 18:43,Industrial,Medenine,231.6,86.4,20.02,5.0,OK
SM0938,2025-06-01 17:14,Commercial,Kairouan,230.8,11.6,2.68,0.67,OK
SM0939,2025-06-01 22:19,Industrial,Mahdia,237.5,33.0,7.83,1.96,OK
SM0940,2025-06-02 03:21,Commercial,Kebili,225.1,21.7,4.89,1.22,OK
SM0941,2025-06-01 18:21,Residential,Kef,228.1,9.5,2.17,0.54,OK
SM0942,2025-06-02 04:39,Commercial,Medenine,228.4,15.2,3.48,0.87,OK
SM0943,2025-06-01 08:31,Industrial,Ben Arous,231.3,94.4,21.83,5.46,OK
SM0944,2025-06-02 05:41,Industrial,Medenine,235.4,87.4,20.58,5.15,OK
SM0945,2025-06-02 01:41,Commercial,Gabes,233.1,25.4,5.92,1.48,OK
SM0946,2025-06-01 21:27,Industrial,Gafsa,236.7,72.7,17.21,4.3,OK
SM0947,2025-06-01 09:03,Commercial,Kef,229.7,28.2,6.49,1.62,OK
SM0948,2025-06-01 12:51,Commercial,Sidi Bouzid,232.6,15.9,3.7,0.93,OK
SM0949,2025-06-02 03:31,Residential,Kasserine,221.2,3.8,0.84,0.21,OK
SM0950,2025-06-02 06:35,Residential,Beja,222.9,12.0,2.68,0.67,OK
SM0951,2025-06-01 20:30,Residential,Tataouine,225.7,7.1,1.61,0.4,OK
SM0952,2025-06-01 11:36,Residential,Tunis,220.3,11.9,2.62,0.65,OK
SM0953,2025-06-01 23:50,Commercial,Ben Arous,226.3,19.4,4.39,1.1,OK
SM0954,2025-06-01 21:28,Residential,Kairouan,220.5,15.0,3.3,0.82,OK
SM0955,2025-06-02 06:15,Commercial,Tozeur,231.1,26.1,6.04,1.51,OK
SM0956,2025-06-02 03:35,Commercial,Gabes,231.1,27.2,6.28,1.57,OK
SM0957,2025-06-01 15:09,Industrial,Monastir,237.2,76.2,18.09,4.52,OK
SM0958,2025-06-02 06:30,Commercial,Jendouba,226.6,22.3,5.05,1.26,OK
SM0959,2025-06-01 15:36,Industrial,Nabeul,231.3,49.8,11.51,2.88,OK
SM0960,2025-06-02 04:35,Commercial,Kairouan,229.7,15.0,3.45,0.86,OK
SM0961,2025-06-02 06:15,Commercial,Medenine,231.1,22.7,5.24,1.31,OK
SM0962,2025-06-01 08:26,Residential,Ben Arous,224.3,4.1,0.92,0.23,OK
SM0963,2025-06-02 04:42,Residential,Gabes,223.1,4.1,0.92,0.23,OK
SM0964,2025-06-01 21:48,Commercial,Gabes,228.5,24.7,5.65,1.41,OK
SM0965,2025-06-02 06:28,Industrial,Gabes,233.9,81.7,19.09,4.77,OK
SM0966,2025-06-01 17:38,Residential,Sfax,227.7,12.2,2.78,0.69,OK
SM0967,2025-06-01 10:04,Residential,Kef,227.8,11.5,2.62,0.66,OK
SM0968,2025-06-01 23:05,Commercial,Manouba,234.9,17.3,4.07,1.02,OK
SM0969,2025-06-01 22:20,Industrial,Sousse,239.8,42.6,10.22,2.56,OK
SM0970,2025-06-01 20:08,Residential,Kebili,224.2,7.8,1.75,0.44,OK
SM0971,2025-06-01 17:29,Industrial,Tozeur,238.8,32.5,7.76,1.94,OK
SM0972,2025-06-01 15:08,Residential,Manouba,222.6,12.5,2.79,0.7,OK
SM0973,2025-06-01 19:53,Residential,Sousse,225.2,4.0,0.9,0.22,OK
SM0974,2025-06-01 18:34,Commercial,Kef,226.6,21.1,4.79,1.2,OK
SM0975,2025-06-01 09:52,Commercial,Gabes,230.4,16.3,3.76,0.94,OK
SM0976,2025-06-02 06:47,Commercial,Ariana,234.3,12.9,3.02,0.75,OK
SM0977,2025-06-01 23:32,Residential,Kasserine,227.7,3.8,0.86,0.22,OK
SM0978,2025-06-01 16:51,Industrial,Ben Arous,239.5,90.4,21.66,5.41,OK
SM0979,2025-06-02 04:01,Industrial,Kef,232.6,85.0,19.77,4.94,OK
SM0980,2025-06-01 11:17,Residential,Gafsa,226.0,4.0,0.89,0.22,OK
SM0981,2025-06-02 03:20,Residential,Siliana,222.4,10.9,2.42,0.61,OK
SM0982,2025-06-02 00:35,Commercial,Kasserine,232.8,21.5,5.0,1.25,OK
SM0983,2025-06-02 03:30,Commercial,Ben Arous,225.5,18.9,4.26,1.06,OK
SM0984,2025-06-02 05:31,Commercial,Bizerte,229.8,21.7,4.98,1.25,OK
SM0985,2025-06-01 17:26,Commercial,Manouba,226.5,13.8,3.13,0.78,OK
SM0986,2025-06-02 02:52,Residential,Sousse,225.1,5.0,1.11,0.28,OK
SM0987,2025-06-02 05:09,Commercial,Ben Arous,226.8,27.4,6.22,1.56,OK
SM0988,2025-06-01 11:55,Industrial,Tunis,235.9,86.7,20.47,5.12,OK
SM0989,2025-06-01 22:37,Residential,Sfax,228.8,3.0,0.69,0.17,OK
SM0990,2025-06-01 20:54,Commercial,Kebili,227.7,17.9,4.08,1.02,OK
SM0991,2025-06-02 00:51,Commercial,Zaghouan,225.6,20.5,4.62,1.15,OK
SM0992,2025-06-02 06:38,Residential,Sousse,224.1,14.5,3.26,0.81,OK
SM0993,2025-06-02 05:12,Industrial,Kasserine,232.3,89.6,20.81,5.2,OK
SM0994,2025-06-01 23:39,Industrial,Tunis,233.4,78.8,18.4,4.6,OK
SM0995,2025-06-02 04:50,Industrial,Manouba,233.0,60.7,14.15,3.54,OK
SM0996,2025-06-01 17:14,Commercial,Tunis,231.6,27.3,6.32,1.58,OK
SM0997,2025-06-01 14:38,Residential,Tataouine,223.6,12.6,2.81,0.7,OK
SM0998,2025-06-01 10:45,Residential,Kebili,228.0,3.4,0.78,0.19,OK
SM0999,2025-06-01 23:58,Commercial,Sidi Bouzid,233.6,20.2,4.73,1.18,OK
SM1000,2025-06-01 20:26,Commercial,Kairouan,230.0,17.9,4.11,1.03,OK
